Num1,Num2,Num3,Num4,Num5,Num6,combined
3,18,19,23,32,45,Num1: 3; Num2: 18; Num3: 19; Num4: 23; Num5: 32; Num6: 45
3,6,9,18,22,35,Num1: 3; Num2: 6; Num3: 9; Num4: 18; Num5: 22; Num6: 35
3,6,22,23,24,38,Num1: 3; Num2: 6; Num3: 22; Num4: 23; Num5: 24; Num6: 38
20,31,32,40,41,45,Num1: 20; Num2: 31; Num3: 32; Num4: 40; Num5: 41; Num6: 45
4,24,27,35,37,45,Num1: 4; Num2: 24; Num3: 27; Num4: 35; Num5: 37; Num6: 45
3,10,24,33,38,45,Num1: 3; Num2: 10; Num3: 24; Num4: 33; Num5: 38; Num6: 45
7,10,22,25,34,40,Num1: 7; Num2: 10; Num3: 22; Num4: 25; Num5: 34; Num6: 40
11,23,25,30,32,40,Num1: 11; Num2: 23; Num3: 25; Num4: 30; Num5: 32; Num6: 40
8,13,19,27,40,45,Num1: 8; Num2: 13; Num3: 19; Num4: 27; Num5: 40; Num6: 45
13,20,24,32,36,45,Num1: 13; Num2: 20; Num3: 24; Num4: 32; Num5: 36; Num6: 45
4,7,12,14,22,33,Num1: 4; Num2: 7; Num3: 12; Num4: 14; Num5: 22; Num6: 33
14,19,27,28,30,45,Num1: 14; Num2: 19; Num3: 27; Num4: 28; Num5: 30; Num6: 45
22,26,29,30,34,45,Num1: 22; Num2: 26; Num3: 29; Num4: 30; Num5: 34; Num6: 45
5,17,26,27,35,38,Num1: 5; Num2: 17; Num3: 26; Num4: 27; Num5: 35; Num6: 38
21,26,30,32,33,35,Num1: 21; Num2: 26; Num3: 30; Num4: 32; Num5: 33; Num6: 35
6,12,31,35,38,43,Num1: 6; Num2: 12; Num3: 31; Num4: 35; Num5: 38; Num6: 43
3,5,13,20,21,37,Num1: 3; Num2: 5; Num3: 13; Num4: 20; Num5: 21; Num6: 37
6,12,17,21,32,39,Num1: 6; Num2: 12; Num3: 17; Num4: 21; Num5: 32; Num6: 39
2,20,33,40,42,44,Num1: 2; Num2: 20; Num3: 33; Num4: 40; Num5: 42; Num6: 44
7,16,25,29,35,36,Num1: 7; Num2: 16; Num3: 25; Num4: 29; Num5: 35; Num6: 36
6,14,15,19,21,41,Num1: 6; Num2: 14; Num3: 15; Num4: 19; Num5: 21; Num6: 41
12,17,20,26,28,36,Num1: 12; Num2: 17; Num3: 20; Num4: 26; Num5: 28; Num6: 36
3,5,12,22,26,31,Num1: 3; Num2: 5; Num3: 12; Num4: 22; Num5: 26; Num6: 31
5,14,15,23,34,43,Num1: 5; Num2: 14; Num3: 15; Num4: 23; Num5: 34; Num6: 43
6,7,9,11,17,18,Num1: 6; Num2: 7; Num3: 9; Num4: 11; Num5: 17; Num6: 18
8,16,26,29,31,36,Num1: 8; Num2: 16; Num3: 26; Num4: 29; Num5: 31; Num6: 36
2,3,6,19,36,39,Num1: 2; Num2: 3; Num3: 6; Num4: 19; Num5: 36; Num6: 39
7,16,24,27,37,44,Num1: 7; Num2: 16; Num3: 24; Num4: 27; Num5: 37; Num6: 44
2,14,15,22,27,33,Num1: 2; Num2: 14; Num3: 15; Num4: 22; Num5: 27; Num6: 33
2,5,22,32,34,45,Num1: 2; Num2: 5; Num3: 22; Num4: 32; Num5: 34; Num6: 45
9,14,34,35,41,42,Num1: 9; Num2: 14; Num3: 34; Num4: 35; Num5: 41; Num6: 42
26,31,32,33,38,40,Num1: 26; Num2: 31; Num3: 32; Num4: 33; Num5: 38; Num6: 40
3,11,15,20,35,44,Num1: 3; Num2: 11; Num3: 15; Num4: 20; Num5: 35; Num6: 44
1,6,12,19,36,42,Num1: 1; Num2: 6; Num3: 12; Num4: 19; Num5: 36; Num6: 42
6,7,22,32,35,36,Num1: 6; Num2: 7; Num3: 22; Num4: 32; Num5: 35; Num6: 36
2,5,11,17,24,29,Num1: 2; Num2: 5; Num3: 11; Num4: 17; Num5: 24; Num6: 29
12,30,32,37,39,41,Num1: 12; Num2: 30; Num3: 32; Num4: 37; Num5: 39; Num6: 41
5,7,12,13,18,35,Num1: 5; Num2: 7; Num3: 12; Num4: 13; Num5: 18; Num6: 35
14,16,27,35,39,45,Num1: 14; Num2: 16; Num3: 27; Num4: 35; Num5: 39; Num6: 45
5,12,13,31,32,41,Num1: 5; Num2: 12; Num3: 13; Num4: 31; Num5: 32; Num6: 41
8,9,20,25,29,33,Num1: 8; Num2: 9; Num3: 20; Num4: 25; Num5: 29; Num6: 33
9,18,20,22,38,44,Num1: 9; Num2: 18; Num3: 20; Num4: 22; Num5: 38; Num6: 44
10,14,16,18,29,35,Num1: 10; Num2: 14; Num3: 16; Num4: 18; Num5: 29; Num6: 35
5,6,11,29,42,45,Num1: 5; Num2: 6; Num3: 11; Num4: 29; Num5: 42; Num6: 45
12,15,17,24,29,45,Num1: 12; Num2: 15; Num3: 17; Num4: 24; Num5: 29; Num6: 45
12,27,29,38,41,45,Num1: 12; Num2: 27; Num3: 29; Num4: 38; Num5: 41; Num6: 45
1,4,13,17,34,39,Num1: 1; Num2: 4; Num3: 13; Num4: 17; Num5: 34; Num6: 39
3,19,21,25,37,45,Num1: 3; Num2: 19; Num3: 21; Num4: 25; Num5: 37; Num6: 45
12,18,22,23,30,34,Num1: 12; Num2: 18; Num3: 22; Num4: 23; Num5: 30; Num6: 34
15,26,28,34,41,42,Num1: 15; Num2: 26; Num3: 28; Num4: 34; Num5: 41; Num6: 42
14,23,31,33,37,40,Num1: 14; Num2: 23; Num3: 31; Num4: 33; Num5: 37; Num6: 40
3,11,14,18,26,27,Num1: 3; Num2: 11; Num3: 14; Num4: 18; Num5: 26; Num6: 27
21,22,26,34,36,41,Num1: 21; Num2: 22; Num3: 26; Num4: 34; Num5: 36; Num6: 41
5,11,18,20,35,45,Num1: 5; Num2: 11; Num3: 18; Num4: 20; Num5: 35; Num6: 45
1,9,12,26,35,38,Num1: 1; Num2: 9; Num3: 12; Num4: 26; Num5: 35; Num6: 38
9,12,15,25,34,36,Num1: 9; Num2: 12; Num3: 15; Num4: 25; Num5: 34; Num6: 36
15,23,29,34,40,44,Num1: 15; Num2: 23; Num3: 29; Num4: 34; Num5: 40; Num6: 44
9,11,30,31,41,44,Num1: 9; Num2: 11; Num3: 30; Num4: 31; Num5: 41; Num6: 44
8,11,16,19,21,25,Num1: 8; Num2: 11; Num3: 16; Num4: 19; Num5: 21; Num6: 25
8,11,15,16,17,37,Num1: 8; Num2: 11; Num3: 15; Num4: 16; Num5: 17; Num6: 37
8,13,18,24,27,29,Num1: 8; Num2: 13; Num3: 18; Num4: 24; Num5: 27; Num6: 29
7,15,30,37,39,44,Num1: 7; Num2: 15; Num3: 30; Num4: 37; Num5: 39; Num6: 44
1,4,29,39,43,45,Num1: 1; Num2: 4; Num3: 29; Num4: 39; Num5: 43; Num6: 45
17,25,33,35,38,45,Num1: 17; Num2: 25; Num3: 33; Num4: 35; Num5: 38; Num6: 45
6,10,12,14,20,42,Num1: 6; Num2: 10; Num3: 12; Num4: 14; Num5: 20; Num6: 42
2,8,19,22,32,42,Num1: 2; Num2: 8; Num3: 19; Num4: 22; Num5: 32; Num6: 42
1,3,9,14,18,28,Num1: 1; Num2: 3; Num3: 9; Num4: 14; Num5: 18; Num6: 28
13,17,18,20,42,45,Num1: 13; Num2: 17; Num3: 18; Num4: 20; Num5: 42; Num6: 45
4,7,14,16,24,44,Num1: 4; Num2: 7; Num3: 14; Num4: 16; Num5: 24; Num6: 44
6,11,15,24,32,39,Num1: 6; Num2: 11; Num3: 15; Num4: 24; Num5: 32; Num6: 39
1,4,13,29,38,39,Num1: 1; Num2: 4; Num3: 13; Num4: 29; Num5: 38; Num6: 39
1,3,8,24,27,35,Num1: 1; Num2: 3; Num3: 8; Num4: 24; Num5: 27; Num6: 35
6,14,16,18,24,42,Num1: 6; Num2: 14; Num3: 16; Num4: 18; Num5: 24; Num6: 42
12,20,26,33,44,45,Num1: 12; Num2: 20; Num3: 26; Num4: 33; Num5: 44; Num6: 45
13,18,25,31,33,44,Num1: 13; Num2: 18; Num3: 25; Num4: 31; Num5: 33; Num6: 44
2,4,25,26,36,37,Num1: 2; Num2: 4; Num3: 25; Num4: 26; Num5: 36; Num6: 37
17,18,21,27,29,33,Num1: 17; Num2: 18; Num3: 21; Num4: 27; Num5: 29; Num6: 33
2,13,20,30,31,41,Num1: 2; Num2: 13; Num3: 20; Num4: 30; Num5: 31; Num6: 41
2,4,15,23,29,38,Num1: 2; Num2: 4; Num3: 15; Num4: 23; Num5: 29; Num6: 38
7,10,16,28,41,42,Num1: 7; Num2: 10; Num3: 16; Num4: 28; Num5: 41; Num6: 42
17,21,23,30,34,44,Num1: 17; Num2: 21; Num3: 23; Num4: 30; Num5: 34; Num6: 44
3,10,23,35,36,37,Num1: 3; Num2: 10; Num3: 23; Num4: 35; Num5: 36; Num6: 37
13,23,26,31,35,43,Num1: 13; Num2: 23; Num3: 26; Num4: 31; Num5: 35; Num6: 43
5,7,13,20,21,44,Num1: 5; Num2: 7; Num3: 13; Num4: 20; Num5: 21; Num6: 44
27,36,37,41,43,45,Num1: 27; Num2: 36; Num3: 37; Num4: 41; Num5: 43; Num6: 45
3,13,16,23,24,35,Num1: 3; Num2: 13; Num3: 16; Num4: 23; Num5: 24; Num6: 35
7,11,16,21,27,33,Num1: 7; Num2: 11; Num3: 16; Num4: 21; Num5: 27; Num6: 33
1,7,15,32,34,42,Num1: 1; Num2: 7; Num3: 15; Num4: 32; Num5: 34; Num6: 42
2,9,10,14,22,44,Num1: 2; Num2: 9; Num3: 10; Num4: 14; Num5: 22; Num6: 44
4,12,14,25,35,37,Num1: 4; Num2: 12; Num3: 14; Num4: 25; Num5: 35; Num6: 37
7,8,9,17,22,24,Num1: 7; Num2: 8; Num3: 9; Num4: 17; Num5: 22; Num6: 24
1,2,11,16,39,44,Num1: 1; Num2: 2; Num3: 11; Num4: 16; Num5: 39; Num6: 44
22,26,31,37,41,42,Num1: 22; Num2: 26; Num3: 31; Num4: 37; Num5: 41; Num6: 42
3,6,17,23,37,39,Num1: 3; Num2: 6; Num3: 17; Num4: 23; Num5: 37; Num6: 39
2,6,17,18,21,26,Num1: 2; Num2: 6; Num3: 17; Num4: 18; Num5: 21; Num6: 26
9,11,16,21,28,36,Num1: 9; Num2: 11; Num3: 16; Num4: 21; Num5: 28; Num6: 36
3,9,10,29,40,45,Num1: 3; Num2: 9; Num3: 10; Num4: 29; Num5: 40; Num6: 45
2,5,12,14,24,39,Num1: 2; Num2: 5; Num3: 12; Num4: 14; Num5: 24; Num6: 39
1,6,13,37,38,40,Num1: 1; Num2: 6; Num3: 13; Num4: 37; Num5: 38; Num6: 40
1,21,25,29,34,37,Num1: 1; Num2: 21; Num3: 25; Num4: 29; Num5: 34; Num6: 37
2,13,25,28,29,36,Num1: 2; Num2: 13; Num3: 25; Num4: 28; Num5: 29; Num6: 36
6,21,36,38,39,43,Num1: 6; Num2: 21; Num3: 36; Num4: 38; Num5: 39; Num6: 43
6,12,19,23,34,42,Num1: 6; Num2: 12; Num3: 19; Num4: 23; Num5: 34; Num6: 42
1,18,28,31,34,43,Num1: 1; Num2: 18; Num3: 28; Num4: 31; Num5: 34; Num6: 43
11,20,29,31,33,42,Num1: 11; Num2: 20; Num3: 29; Num4: 31; Num5: 33; Num6: 42
2,18,24,30,32,45,Num1: 2; Num2: 18; Num3: 24; Num4: 30; Num5: 32; Num6: 45
1,14,15,24,40,41,Num1: 1; Num2: 14; Num3: 15; Num4: 24; Num5: 40; Num6: 41
2,9,10,16,35,37,Num1: 2; Num2: 9; Num3: 10; Num4: 16; Num5: 35; Num6: 37
4,15,24,35,36,40,Num1: 4; Num2: 15; Num3: 24; Num4: 35; Num5: 36; Num6: 40
10,11,20,21,25,41,Num1: 10; Num2: 11; Num3: 20; Num4: 21; Num5: 25; Num6: 41
4,9,23,26,29,33,Num1: 4; Num2: 9; Num3: 23; Num4: 26; Num5: 29; Num6: 33
1,9,26,28,30,41,Num1: 1; Num2: 9; Num3: 26; Num4: 28; Num5: 30; Num6: 41
7,9,22,27,37,42,Num1: 7; Num2: 9; Num3: 22; Num4: 27; Num5: 37; Num6: 42
4,12,22,24,33,41,Num1: 4; Num2: 12; Num3: 22; Num4: 24; Num5: 33; Num6: 41
2,12,30,31,39,43,Num1: 2; Num2: 12; Num3: 30; Num4: 31; Num5: 39; Num6: 43
3,4,15,22,28,40,Num1: 3; Num2: 4; Num3: 15; Num4: 22; Num5: 28; Num6: 40
14,21,35,36,40,44,Num1: 14; Num2: 21; Num3: 35; Num4: 36; Num5: 40; Num6: 44
13,18,30,31,38,41,Num1: 13; Num2: 18; Num3: 30; Num4: 31; Num5: 38; Num6: 41
3,8,17,20,27,35,Num1: 3; Num2: 8; Num3: 17; Num4: 20; Num5: 27; Num6: 35
9,18,19,30,34,40,Num1: 9; Num2: 18; Num3: 19; Num4: 30; Num5: 34; Num6: 40
9,10,15,30,33,37,Num1: 9; Num2: 10; Num3: 15; Num4: 30; Num5: 33; Num6: 37
2,13,16,19,32,33,Num1: 2; Num2: 13; Num3: 16; Num4: 19; Num5: 32; Num6: 33
1,8,13,36,44,45,Num1: 1; Num2: 8; Num3: 13; Num4: 36; Num5: 44; Num6: 45
10,12,18,35,42,43,Num1: 10; Num2: 12; Num3: 18; Num4: 35; Num5: 42; Num6: 43
12,14,25,27,39,40,Num1: 12; Num2: 14; Num3: 25; Num4: 27; Num5: 39; Num6: 40
3,15,20,22,24,41,Num1: 3; Num2: 15; Num3: 20; Num4: 22; Num5: 24; Num6: 41
4,11,28,39,42,45,Num1: 4; Num2: 11; Num3: 28; Num4: 39; Num5: 42; Num6: 45
4,8,10,16,31,36,Num1: 4; Num2: 8; Num3: 10; Num4: 16; Num5: 31; Num6: 36
2,10,13,22,29,40,Num1: 2; Num2: 10; Num3: 13; Num4: 22; Num5: 29; Num6: 40
7,11,13,17,18,29,Num1: 7; Num2: 11; Num3: 13; Num4: 17; Num5: 18; Num6: 29
4,10,20,32,38,44,Num1: 4; Num2: 10; Num3: 20; Num4: 32; Num5: 38; Num6: 44
1,3,30,33,36,39,Num1: 1; Num2: 3; Num3: 30; Num4: 33; Num5: 36; Num6: 39
23,27,29,31,36,45,Num1: 23; Num2: 27; Num3: 29; Num4: 31; Num5: 36; Num6: 45
1,6,15,36,37,38,Num1: 1; Num2: 6; Num3: 15; Num4: 36; Num5: 37; Num6: 38
14,15,23,25,35,43,Num1: 14; Num2: 15; Num3: 23; Num4: 25; Num5: 35; Num6: 43
8,21,25,38,39,44,Num1: 8; Num2: 21; Num3: 25; Num4: 38; Num5: 39; Num6: 44
7,9,12,15,19,23,Num1: 7; Num2: 9; Num3: 12; Num4: 15; Num5: 19; Num6: 23
3,4,10,20,28,44,Num1: 3; Num2: 4; Num3: 10; Num4: 20; Num5: 28; Num6: 44
4,15,22,38,41,43,Num1: 4; Num2: 15; Num3: 22; Num4: 38; Num5: 41; Num6: 43
10,16,18,20,25,31,Num1: 10; Num2: 16; Num3: 18; Num4: 20; Num5: 25; Num6: 31
13,24,32,34,39,42,Num1: 13; Num2: 24; Num3: 32; Num4: 34; Num5: 39; Num6: 42
3,11,34,42,43,44,Num1: 3; Num2: 11; Num3: 34; Num4: 42; Num5: 43; Num6: 44
3,17,18,23,36,41,Num1: 3; Num2: 17; Num3: 18; Num4: 23; Num5: 36; Num6: 41
2,6,13,17,27,43,Num1: 2; Num2: 6; Num3: 13; Num4: 17; Num5: 27; Num6: 43
5,7,12,22,28,41,Num1: 5; Num2: 7; Num3: 12; Num4: 22; Num5: 28; Num6: 41
2,3,26,33,34,43,Num1: 2; Num2: 3; Num3: 26; Num4: 33; Num5: 34; Num6: 43
9,14,17,18,42,44,Num1: 9; Num2: 14; Num3: 17; Num4: 18; Num5: 42; Num6: 44
7,11,12,31,33,38,Num1: 7; Num2: 11; Num3: 12; Num4: 31; Num5: 33; Num6: 38
1,3,23,24,27,43,Num1: 1; Num2: 3; Num3: 23; Num4: 24; Num5: 27; Num6: 43
6,21,22,32,35,36,Num1: 6; Num2: 21; Num3: 22; Num4: 32; Num5: 35; Num6: 36
2,6,11,13,22,37,Num1: 2; Num2: 6; Num3: 11; Num4: 13; Num5: 22; Num6: 37
16,19,24,33,42,44,Num1: 16; Num2: 19; Num3: 24; Num4: 33; Num5: 42; Num6: 44
6,14,16,21,27,37,Num1: 6; Num2: 14; Num3: 16; Num4: 21; Num5: 27; Num6: 37
5,8,18,21,22,38,Num1: 5; Num2: 8; Num3: 18; Num4: 21; Num5: 22; Num6: 38
4,5,12,14,32,42,Num1: 4; Num2: 5; Num3: 12; Num4: 14; Num5: 32; Num6: 42
1,11,17,27,35,39,Num1: 1; Num2: 11; Num3: 17; Num4: 27; Num5: 35; Num6: 39
7,24,29,30,34,35,Num1: 7; Num2: 24; Num3: 29; Num4: 30; Num5: 34; Num6: 35
3,16,21,22,23,44,Num1: 3; Num2: 16; Num3: 21; Num4: 22; Num5: 23; Num6: 44
21,27,29,38,40,44,Num1: 21; Num2: 27; Num3: 29; Num4: 38; Num5: 40; Num6: 44
2,5,14,28,31,32,Num1: 2; Num2: 5; Num3: 14; Num4: 28; Num5: 31; Num6: 32
3,4,16,27,38,40,Num1: 3; Num2: 4; Num3: 16; Num4: 27; Num5: 38; Num6: 40
2,6,8,26,43,45,Num1: 2; Num2: 6; Num3: 8; Num4: 26; Num5: 43; Num6: 45
2,15,16,21,22,28,Num1: 2; Num2: 15; Num3: 16; Num4: 21; Num5: 22; Num6: 28
7,19,23,24,36,39,Num1: 7; Num2: 19; Num3: 23; Num4: 24; Num5: 36; Num6: 39
5,18,20,23,30,34,Num1: 5; Num2: 18; Num3: 20; Num4: 23; Num5: 30; Num6: 34
7,13,16,18,35,38,Num1: 7; Num2: 13; Num3: 16; Num4: 18; Num5: 35; Num6: 38
8,19,20,21,33,39,Num1: 8; Num2: 19; Num3: 20; Num4: 21; Num5: 33; Num6: 39
18,21,28,35,37,42,Num1: 18; Num2: 21; Num3: 28; Num4: 35; Num5: 37; Num6: 42
6,7,12,22,26,36,Num1: 6; Num2: 7; Num3: 12; Num4: 22; Num5: 26; Num6: 36
5,12,25,26,38,45,Num1: 5; Num2: 12; Num3: 25; Num4: 26; Num5: 38; Num6: 45
16,26,31,38,39,41,Num1: 16; Num2: 26; Num3: 31; Num4: 38; Num5: 39; Num6: 41
19,32,37,40,41,43,Num1: 19; Num2: 32; Num3: 37; Num4: 40; Num5: 41; Num6: 43
1,15,17,23,25,41,Num1: 1; Num2: 15; Num3: 17; Num4: 23; Num5: 25; Num6: 41
4,9,17,18,26,42,Num1: 4; Num2: 9; Num3: 17; Num4: 18; Num5: 26; Num6: 42
9,13,28,31,39,41,Num1: 9; Num2: 13; Num3: 28; Num4: 31; Num5: 39; Num6: 41
1,4,14,18,29,37,Num1: 1; Num2: 4; Num3: 14; Num4: 18; Num5: 29; Num6: 37
3,13,29,38,39,42,Num1: 3; Num2: 13; Num3: 29; Num4: 38; Num5: 39; Num6: 42
3,7,12,31,34,38,Num1: 3; Num2: 7; Num3: 12; Num4: 31; Num5: 34; Num6: 38
8,14,17,27,36,45,Num1: 8; Num2: 14; Num3: 17; Num4: 27; Num5: 36; Num6: 45
19,23,28,37,42,45,Num1: 19; Num2: 23; Num3: 28; Num4: 37; Num5: 42; Num6: 45
1,3,24,27,39,45,Num1: 1; Num2: 3; Num3: 24; Num4: 27; Num5: 39; Num6: 45
4,14,23,28,37,45,Num1: 4; Num2: 14; Num3: 23; Num4: 28; Num5: 37; Num6: 45
9,18,32,33,37,44,Num1: 9; Num2: 18; Num3: 32; Num4: 33; Num5: 37; Num6: 44
18,34,39,43,44,45,Num1: 18; Num2: 34; Num3: 39; Num4: 43; Num5: 44; Num6: 45
4,18,20,26,27,32,Num1: 4; Num2: 18; Num3: 20; Num4: 26; Num5: 27; Num6: 32
7,17,19,23,24,45,Num1: 7; Num2: 17; Num3: 19; Num4: 23; Num5: 24; Num6: 45
1,4,10,14,15,35,Num1: 1; Num2: 4; Num3: 10; Num4: 14; Num5: 15; Num6: 35
2,6,11,16,25,31,Num1: 2; Num2: 6; Num3: 11; Num4: 16; Num5: 25; Num6: 31
5,17,18,22,23,43,Num1: 5; Num2: 17; Num3: 18; Num4: 22; Num5: 23; Num6: 43
5,16,21,26,34,42,Num1: 5; Num2: 16; Num3: 21; Num4: 26; Num5: 34; Num6: 42
19,22,30,34,39,44,Num1: 19; Num2: 22; Num3: 30; Num4: 34; Num5: 39; Num6: 44
1,15,19,23,28,42,Num1: 1; Num2: 15; Num3: 19; Num4: 23; Num5: 28; Num6: 42
3,5,12,13,33,39,Num1: 3; Num2: 5; Num3: 12; Num4: 13; Num5: 33; Num6: 39
2,4,30,32,33,43,Num1: 2; Num2: 4; Num3: 30; Num4: 32; Num5: 33; Num6: 43
2,6,12,26,30,34,Num1: 2; Num2: 6; Num3: 12; Num4: 26; Num5: 30; Num6: 34
21,25,30,32,40,42,Num1: 21; Num2: 25; Num3: 30; Num4: 32; Num5: 40; Num6: 42
2,6,20,27,37,39,Num1: 2; Num2: 6; Num3: 20; Num4: 27; Num5: 37; Num6: 39
12,17,28,41,43,44,Num1: 12; Num2: 17; Num3: 28; Num4: 41; Num5: 43; Num6: 44
14,17,19,22,24,40,Num1: 14; Num2: 17; Num3: 19; Num4: 22; Num5: 24; Num6: 40
9,15,29,34,37,39,Num1: 9; Num2: 15; Num3: 29; Num4: 34; Num5: 37; Num6: 39
3,15,22,32,33,45,Num1: 3; Num2: 15; Num3: 22; Num4: 32; Num5: 33; Num6: 45
3,7,10,13,25,36,Num1: 3; Num2: 7; Num3: 10; Num4: 13; Num5: 25; Num6: 36
16,21,28,35,39,43,Num1: 16; Num2: 21; Num3: 28; Num4: 35; Num5: 39; Num6: 43
10,34,38,40,42,43,Num1: 10; Num2: 34; Num3: 38; Num4: 40; Num5: 42; Num6: 43
11,17,19,21,22,25,Num1: 11; Num2: 17; Num3: 19; Num4: 21; Num5: 22; Num6: 25
4,8,18,25,27,32,Num1: 4; Num2: 8; Num3: 18; Num4: 25; Num5: 27; Num6: 32
8,22,35,38,39,41,Num1: 8; Num2: 22; Num3: 35; Num4: 38; Num5: 39; Num6: 41
9,13,32,38,39,43,Num1: 9; Num2: 13; Num3: 32; Num4: 38; Num5: 39; Num6: 43
6,10,16,28,34,38,Num1: 6; Num2: 10; Num3: 16; Num4: 28; Num5: 34; Num6: 38
10,24,40,41,43,44,Num1: 10; Num2: 24; Num3: 40; Num4: 41; Num5: 43; Num6: 44
8,15,17,19,43,44,Num1: 8; Num2: 15; Num3: 17; Num4: 19; Num5: 43; Num6: 44
20,25,31,32,36,43,Num1: 20; Num2: 25; Num3: 31; Num4: 32; Num5: 36; Num6: 43
2,8,23,26,27,44,Num1: 2; Num2: 8; Num3: 23; Num4: 26; Num5: 27; Num6: 44
11,17,28,30,33,35,Num1: 11; Num2: 17; Num3: 28; Num4: 30; Num5: 33; Num6: 35
14,18,22,26,31,44,Num1: 14; Num2: 18; Num3: 22; Num4: 26; Num5: 31; Num6: 44
16,20,24,28,36,39,Num1: 16; Num2: 20; Num3: 24; Num4: 28; Num5: 36; Num6: 39
5,13,17,29,34,39,Num1: 5; Num2: 13; Num3: 17; Num4: 29; Num5: 34; Num6: 39
1,2,16,22,38,39,Num1: 1; Num2: 2; Num3: 16; Num4: 22; Num5: 38; Num6: 39
12,16,26,28,30,42,Num1: 12; Num2: 16; Num3: 26; Num4: 28; Num5: 30; Num6: 42
5,18,30,41,43,45,Num1: 5; Num2: 18; Num3: 30; Num4: 41; Num5: 43; Num6: 45
1,16,29,33,40,45,Num1: 1; Num2: 16; Num3: 29; Num4: 33; Num5: 40; Num6: 45
7,8,13,15,33,45,Num1: 7; Num2: 8; Num3: 13; Num4: 15; Num5: 33; Num6: 45
19,21,30,33,34,42,Num1: 19; Num2: 21; Num3: 30; Num4: 33; Num5: 34; Num6: 42
14,26,32,36,39,42,Num1: 14; Num2: 26; Num3: 32; Num4: 36; Num5: 39; Num6: 42
5,11,14,30,33,38,Num1: 5; Num2: 11; Num3: 14; Num4: 30; Num5: 33; Num6: 38
2,4,11,28,29,43,Num1: 2; Num2: 4; Num3: 11; Num4: 28; Num5: 29; Num6: 43
3,9,11,12,13,19,Num1: 3; Num2: 9; Num3: 11; Num4: 12; Num5: 13; Num6: 19
9,14,17,33,36,38,Num1: 9; Num2: 14; Num3: 17; Num4: 33; Num5: 36; Num6: 38
2,25,28,30,33,45,Num1: 2; Num2: 25; Num3: 28; Num4: 30; Num5: 33; Num6: 45
1,9,11,14,26,28,Num1: 1; Num2: 9; Num3: 11; Num4: 14; Num5: 26; Num6: 28
9,10,13,28,38,45,Num1: 9; Num2: 10; Num3: 13; Num4: 28; Num5: 38; Num6: 45
6,8,18,35,42,43,Num1: 6; Num2: 8; Num3: 18; Num4: 35; Num5: 42; Num6: 43
12,18,30,39,41,42,Num1: 12; Num2: 18; Num3: 30; Num4: 39; Num5: 41; Num6: 42
13,14,19,26,40,43,Num1: 13; Num2: 14; Num3: 19; Num4: 26; Num5: 40; Num6: 43
3,10,16,19,31,39,Num1: 3; Num2: 10; Num3: 16; Num4: 19; Num5: 31; Num6: 39
5,6,16,18,37,38,Num1: 5; Num2: 6; Num3: 16; Num4: 18; Num5: 37; Num6: 38
4,5,31,35,43,45,Num1: 4; Num2: 5; Num3: 31; Num4: 35; Num5: 43; Num6: 45
4,7,13,29,31,39,Num1: 4; Num2: 7; Num3: 13; Num4: 29; Num5: 31; Num6: 39
5,11,12,29,33,44,Num1: 5; Num2: 11; Num3: 12; Num4: 29; Num5: 33; Num6: 44
13,16,24,25,33,36,Num1: 13; Num2: 16; Num3: 24; Num4: 25; Num5: 33; Num6: 36
8,15,21,31,33,38,Num1: 8; Num2: 15; Num3: 21; Num4: 31; Num5: 33; Num6: 38
7,9,24,29,34,38,Num1: 7; Num2: 9; Num3: 24; Num4: 29; Num5: 34; Num6: 38
12,18,24,26,39,40,Num1: 12; Num2: 18; Num3: 24; Num4: 26; Num5: 39; Num6: 40
9,18,20,24,27,36,Num1: 9; Num2: 18; Num3: 20; Num4: 24; Num5: 27; Num6: 36
1,12,13,24,29,44,Num1: 1; Num2: 12; Num3: 13; Num4: 24; Num5: 29; Num6: 44
10,21,22,30,35,42,Num1: 10; Num2: 21; Num3: 22; Num4: 30; Num5: 35; Num6: 42
16,25,33,38,40,45,Num1: 16; Num2: 25; Num3: 33; Num4: 38; Num5: 40; Num6: 45
14,15,25,28,29,30,Num1: 14; Num2: 15; Num3: 25; Num4: 28; Num5: 29; Num6: 30
3,9,12,13,25,43,Num1: 3; Num2: 9; Num3: 12; Num4: 13; Num5: 25; Num6: 43
12,18,19,29,31,39,Num1: 12; Num2: 18; Num3: 19; Num4: 29; Num5: 31; Num6: 39
17,21,25,26,27,36,Num1: 17; Num2: 21; Num3: 25; Num4: 26; Num5: 27; Num6: 36
2,21,28,38,42,45,Num1: 2; Num2: 21; Num3: 28; Num4: 38; Num5: 42; Num6: 45
11,30,34,35,42,44,Num1: 11; Num2: 30; Num3: 34; Num4: 35; Num5: 42; Num6: 44
1,3,12,14,16,43,Num1: 1; Num2: 3; Num3: 12; Num4: 14; Num5: 16; Num6: 43
8,11,19,21,36,45,Num1: 8; Num2: 11; Num3: 19; Num4: 21; Num5: 36; Num6: 45
5,10,13,21,39,43,Num1: 5; Num2: 10; Num3: 13; Num4: 21; Num5: 39; Num6: 43
6,11,15,17,23,40,Num1: 6; Num2: 11; Num3: 15; Num4: 17; Num5: 23; Num6: 40
15,21,31,32,41,43,Num1: 15; Num2: 21; Num3: 31; Num4: 32; Num5: 41; Num6: 43
6,10,18,25,34,35,Num1: 6; Num2: 10; Num3: 18; Num4: 25; Num5: 34; Num6: 35
14,20,23,31,37,38,Num1: 14; Num2: 20; Num3: 23; Num4: 31; Num5: 37; Num6: 38
3,12,13,18,31,32,Num1: 3; Num2: 12; Num3: 13; Num4: 18; Num5: 31; Num6: 32
1,10,13,26,32,36,Num1: 1; Num2: 10; Num3: 13; Num4: 26; Num5: 32; Num6: 36
5,9,14,26,30,43,Num1: 5; Num2: 9; Num3: 14; Num4: 26; Num5: 30; Num6: 43
10,11,12,18,24,42,Num1: 10; Num2: 11; Num3: 12; Num4: 18; Num5: 24; Num6: 42
17,25,28,37,43,44,Num1: 17; Num2: 25; Num3: 28; Num4: 37; Num5: 43; Num6: 44
1,4,10,12,28,45,Num1: 1; Num2: 4; Num3: 10; Num4: 12; Num5: 28; Num6: 45
12,17,23,34,42,45,Num1: 12; Num2: 17; Num3: 23; Num4: 34; Num5: 42; Num6: 45
2,10,14,22,32,36,Num1: 2; Num2: 10; Num3: 14; Num4: 22; Num5: 32; Num6: 36
5,22,31,32,39,45,Num1: 5; Num2: 22; Num3: 31; Num4: 32; Num5: 39; Num6: 45
1,21,26,36,40,41,Num1: 1; Num2: 21; Num3: 26; Num4: 36; Num5: 40; Num6: 41
3,10,13,26,34,38,Num1: 3; Num2: 10; Num3: 13; Num4: 26; Num5: 34; Num6: 38
6,7,18,19,30,38,Num1: 6; Num2: 7; Num3: 18; Num4: 19; Num5: 30; Num6: 38
10,15,21,35,38,43,Num1: 10; Num2: 15; Num3: 21; Num4: 35; Num5: 38; Num6: 43
2,7,19,25,29,36,Num1: 2; Num2: 7; Num3: 19; Num4: 25; Num5: 29; Num6: 36
2,10,12,31,33,42,Num1: 2; Num2: 10; Num3: 12; Num4: 31; Num5: 33; Num6: 42
3,8,19,27,30,41,Num1: 3; Num2: 8; Num3: 19; Num4: 27; Num5: 30; Num6: 41
2,6,7,12,19,45,Num1: 2; Num2: 6; Num3: 7; Num4: 12; Num5: 19; Num6: 45
2,10,11,19,35,39,Num1: 2; Num2: 10; Num3: 11; Num4: 19; Num5: 35; Num6: 39
5,6,13,16,27,28,Num1: 5; Num2: 6; Num3: 13; Num4: 16; Num5: 27; Num6: 28
12,15,16,20,24,30,Num1: 12; Num2: 15; Num3: 16; Num4: 20; Num5: 24; Num6: 30
4,6,15,25,26,33,Num1: 4; Num2: 6; Num3: 15; Num4: 25; Num5: 26; Num6: 33
3,10,23,24,31,39,Num1: 3; Num2: 10; Num3: 23; Num4: 24; Num5: 31; Num6: 39
14,15,16,17,38,45,Num1: 14; Num2: 15; Num3: 16; Num4: 17; Num5: 38; Num6: 45
6,18,31,34,38,45,Num1: 6; Num2: 18; Num3: 31; Num4: 34; Num5: 38; Num6: 45
11,16,18,19,24,39,Num1: 11; Num2: 16; Num3: 18; Num4: 19; Num5: 24; Num6: 39
15,17,19,21,27,45,Num1: 15; Num2: 17; Num3: 19; Num4: 21; Num5: 27; Num6: 45
6,12,19,24,34,41,Num1: 6; Num2: 12; Num3: 19; Num4: 24; Num5: 34; Num6: 41
6,21,35,36,37,41,Num1: 6; Num2: 21; Num3: 35; Num4: 36; Num5: 37; Num6: 41
6,12,17,21,34,37,Num1: 6; Num2: 12; Num3: 17; Num4: 21; Num5: 34; Num6: 37
8,9,18,21,28,40,Num1: 8; Num2: 9; Num3: 18; Num4: 21; Num5: 28; Num6: 40
11,12,29,33,38,42,Num1: 11; Num2: 12; Num3: 29; Num4: 33; Num5: 38; Num6: 42
12,15,18,28,34,42,Num1: 12; Num2: 15; Num3: 18; Num4: 28; Num5: 34; Num6: 42
8,12,19,21,31,35,Num1: 8; Num2: 12; Num3: 19; Num4: 21; Num5: 31; Num6: 35
5,6,11,14,21,41,Num1: 5; Num2: 6; Num3: 11; Num4: 14; Num5: 21; Num6: 41
6,10,17,18,21,29,Num1: 6; Num2: 10; Num3: 17; Num4: 18; Num5: 21; Num6: 29
1,9,12,23,39,43,Num1: 1; Num2: 9; Num3: 12; Num4: 23; Num5: 39; Num6: 43
5,7,11,16,41,45,Num1: 5; Num2: 7; Num3: 11; Num4: 16; Num5: 41; Num6: 45
7,27,29,30,38,44,Num1: 7; Num2: 27; Num3: 29; Num4: 30; Num5: 38; Num6: 44
5,15,20,31,34,42,Num1: 5; Num2: 15; Num3: 20; Num4: 31; Num5: 34; Num6: 42
9,30,34,35,39,41,Num1: 9; Num2: 30; Num3: 34; Num4: 35; Num5: 39; Num6: 41
1,3,8,12,42,43,Num1: 1; Num2: 3; Num3: 8; Num4: 12; Num5: 42; Num6: 43
7,22,24,31,34,36,Num1: 7; Num2: 22; Num3: 24; Num4: 31; Num5: 34; Num6: 36
3,8,16,32,34,43,Num1: 3; Num2: 8; Num3: 16; Num4: 32; Num5: 34; Num6: 43
1,3,12,21,26,41,Num1: 1; Num2: 3; Num3: 12; Num4: 21; Num5: 26; Num6: 41
4,7,11,24,42,45,Num1: 4; Num2: 7; Num3: 11; Num4: 24; Num5: 42; Num6: 45
10,22,27,31,42,43,Num1: 10; Num2: 22; Num3: 27; Num4: 31; Num5: 42; Num6: 43
9,33,36,40,42,43,Num1: 9; Num2: 33; Num3: 36; Num4: 40; Num5: 42; Num6: 43
5,9,12,30,39,43,Num1: 5; Num2: 9; Num3: 12; Num4: 30; Num5: 39; Num6: 43
6,7,11,17,33,44,Num1: 6; Num2: 7; Num3: 11; Num4: 17; Num5: 33; Num6: 44
10,14,16,18,27,28,Num1: 10; Num2: 14; Num3: 16; Num4: 18; Num5: 27; Num6: 28
13,14,26,28,30,36,Num1: 13; Num2: 14; Num3: 26; Num4: 28; Num5: 30; Num6: 36
2,8,17,24,29,31,Num1: 2; Num2: 8; Num3: 17; Num4: 24; Num5: 29; Num6: 31
2,17,19,24,37,41,Num1: 2; Num2: 17; Num3: 19; Num4: 24; Num5: 37; Num6: 41
4,16,20,33,40,43,Num1: 4; Num2: 16; Num3: 20; Num4: 33; Num5: 40; Num6: 43
3,4,16,20,28,44,Num1: 3; Num2: 4; Num3: 16; Num4: 20; Num5: 28; Num6: 44
1,2,15,19,24,36,Num1: 1; Num2: 2; Num3: 15; Num4: 19; Num5: 24; Num6: 36
12,14,24,26,34,45,Num1: 12; Num2: 14; Num3: 24; Num4: 26; Num5: 34; Num6: 45
3,10,13,22,31,32,Num1: 3; Num2: 10; Num3: 13; Num4: 22; Num5: 31; Num6: 32
7,9,12,14,23,28,Num1: 7; Num2: 9; Num3: 12; Num4: 14; Num5: 23; Num6: 28
3,12,33,36,42,45,Num1: 3; Num2: 12; Num3: 33; Num4: 36; Num5: 42; Num6: 45
1,2,3,9,12,23,Num1: 1; Num2: 2; Num3: 3; Num4: 9; Num5: 12; Num6: 23
10,15,18,21,34,41,Num1: 10; Num2: 15; Num3: 18; Num4: 21; Num5: 34; Num6: 41
15,19,21,34,41,44,Num1: 15; Num2: 19; Num3: 21; Num4: 34; Num5: 41; Num6: 44
8,10,13,36,37,40,Num1: 8; Num2: 10; Num3: 13; Num4: 36; Num5: 37; Num6: 40
5,21,27,34,44,45,Num1: 5; Num2: 21; Num3: 27; Num4: 34; Num5: 44; Num6: 45
4,8,9,16,17,19,Num1: 4; Num2: 8; Num3: 9; Num4: 16; Num5: 17; Num6: 19
7,22,29,33,34,35,Num1: 7; Num2: 22; Num3: 29; Num4: 33; Num5: 34; Num6: 35
23,27,28,38,42,43,Num1: 23; Num2: 27; Num3: 28; Num4: 38; Num5: 42; Num6: 43
13,15,18,24,27,41,Num1: 13; Num2: 15; Num3: 18; Num4: 24; Num5: 27; Num6: 41
2,11,17,18,21,27,Num1: 2; Num2: 11; Num3: 17; Num4: 18; Num5: 21; Num6: 27
5,10,13,27,37,41,Num1: 5; Num2: 10; Num3: 13; Num4: 27; Num5: 37; Num6: 41
6,16,37,38,41,45,Num1: 6; Num2: 16; Num3: 37; Num4: 38; Num5: 41; Num6: 45
11,24,32,33,35,40,Num1: 11; Num2: 24; Num3: 32; Num4: 33; Num5: 35; Num6: 40
2,4,5,17,27,32,Num1: 2; Num2: 4; Num3: 5; Num4: 17; Num5: 27; Num6: 32
2,7,13,25,42,45,Num1: 2; Num2: 7; Num3: 13; Num4: 25; Num5: 42; Num6: 45
4,10,14,15,18,22,Num1: 4; Num2: 10; Num3: 14; Num4: 15; Num5: 18; Num6: 22
11,17,21,26,36,45,Num1: 11; Num2: 17; Num3: 21; Num4: 26; Num5: 36; Num6: 45
3,6,10,30,34,37,Num1: 3; Num2: 6; Num3: 10; Num4: 30; Num5: 34; Num6: 37
7,8,10,19,21,31,Num1: 7; Num2: 8; Num3: 10; Num4: 19; Num5: 21; Num6: 31
1,11,21,23,34,44,Num1: 1; Num2: 11; Num3: 21; Num4: 23; Num5: 34; Num6: 44
6,7,19,21,41,43,Num1: 6; Num2: 7; Num3: 19; Num4: 21; Num5: 41; Num6: 43
2,8,33,35,37,41,Num1: 2; Num2: 8; Num3: 33; Num4: 35; Num5: 37; Num6: 41
20,30,33,35,36,44,Num1: 20; Num2: 30; Num3: 33; Num4: 35; Num5: 36; Num6: 44
12,14,21,30,39,43,Num1: 12; Num2: 14; Num3: 21; Num4: 30; Num5: 39; Num6: 43
1,28,35,41,43,44,Num1: 1; Num2: 28; Num3: 35; Num4: 41; Num5: 43; Num6: 44
1,12,29,34,36,37,Num1: 1; Num2: 12; Num3: 29; Num4: 34; Num5: 36; Num6: 37
4,8,13,19,20,43,Num1: 4; Num2: 8; Num3: 13; Num4: 19; Num5: 20; Num6: 43
4,11,20,23,32,39,Num1: 4; Num2: 11; Num3: 20; Num4: 23; Num5: 32; Num6: 39
2,11,19,25,28,32,Num1: 2; Num2: 11; Num3: 19; Num4: 25; Num5: 28; Num6: 32
2,6,13,16,29,30,Num1: 2; Num2: 6; Num3: 13; Num4: 16; Num5: 29; Num6: 30
2,7,27,33,41,44,Num1: 2; Num2: 7; Num3: 27; Num4: 33; Num5: 41; Num6: 44
1,7,22,33,37,40,Num1: 1; Num2: 7; Num3: 22; Num4: 33; Num5: 37; Num6: 40
2,5,15,18,19,23,Num1: 2; Num2: 5; Num3: 15; Num4: 18; Num5: 19; Num6: 23
17,20,30,31,33,45,Num1: 17; Num2: 20; Num3: 30; Num4: 31; Num5: 33; Num6: 45
11,15,24,35,37,45,Num1: 11; Num2: 15; Num3: 24; Num4: 35; Num5: 37; Num6: 45
3,4,9,24,25,33,Num1: 3; Num2: 4; Num3: 9; Num4: 24; Num5: 25; Num6: 33
10,18,30,36,39,44,Num1: 10; Num2: 18; Num3: 30; Num4: 36; Num5: 39; Num6: 44
2,10,16,19,34,45,Num1: 2; Num2: 10; Num3: 16; Num4: 19; Num5: 34; Num6: 45
2,12,19,24,39,44,Num1: 2; Num2: 12; Num3: 19; Num4: 24; Num5: 39; Num6: 44
3,4,6,10,28,30,Num1: 3; Num2: 4; Num3: 6; Num4: 10; Num5: 28; Num6: 30
1,6,17,22,28,45,Num1: 1; Num2: 6; Num3: 17; Num4: 22; Num5: 28; Num6: 45
1,4,8,23,33,42,Num1: 1; Num2: 4; Num3: 8; Num4: 23; Num5: 33; Num6: 42
10,28,31,33,41,44,Num1: 10; Num2: 28; Num3: 31; Num4: 33; Num5: 41; Num6: 44
3,13,16,24,26,29,Num1: 3; Num2: 13; Num3: 16; Num4: 24; Num5: 26; Num6: 29
3,10,14,16,36,38,Num1: 3; Num2: 10; Num3: 14; Num4: 16; Num5: 36; Num6: 38
11,23,28,29,30,44,Num1: 11; Num2: 23; Num3: 28; Num4: 29; Num5: 30; Num6: 44
4,5,8,16,21,29,Num1: 4; Num2: 5; Num3: 8; Num4: 16; Num5: 21; Num6: 29
3,11,13,21,33,37,Num1: 3; Num2: 11; Num3: 13; Num4: 21; Num5: 33; Num6: 37
2,5,8,11,33,39,Num1: 2; Num2: 5; Num3: 8; Num4: 11; Num5: 33; Num6: 39
1,7,16,18,34,38,Num1: 1; Num2: 7; Num3: 16; Num4: 18; Num5: 34; Num6: 38
4,18,26,33,34,38,Num1: 4; Num2: 18; Num3: 26; Num4: 33; Num5: 34; Num6: 38
7,15,20,25,33,43,Num1: 7; Num2: 15; Num3: 20; Num4: 25; Num5: 33; Num6: 43
1,6,11,28,34,42,Num1: 1; Num2: 6; Num3: 11; Num4: 28; Num5: 34; Num6: 42
3,11,14,15,32,36,Num1: 3; Num2: 11; Num3: 14; Num4: 15; Num5: 32; Num6: 36
15,27,33,35,43,45,Num1: 15; Num2: 27; Num3: 33; Num4: 35; Num5: 43; Num6: 45
24,25,33,34,38,39,Num1: 24; Num2: 25; Num3: 33; Num4: 34; Num5: 38; Num6: 39
7,17,19,30,36,38,Num1: 7; Num2: 17; Num3: 19; Num4: 30; Num5: 36; Num6: 38
5,15,22,23,34,35,Num1: 5; Num2: 15; Num3: 22; Num4: 23; Num5: 34; Num6: 35
1,8,10,13,28,42,Num1: 1; Num2: 8; Num3: 10; Num4: 13; Num5: 28; Num6: 42
7,12,15,24,25,43,Num1: 7; Num2: 12; Num3: 15; Num4: 24; Num5: 25; Num6: 43
6,7,12,28,38,40,Num1: 6; Num2: 7; Num3: 12; Num4: 28; Num5: 38; Num6: 40
1,11,15,17,25,39,Num1: 1; Num2: 11; Num3: 15; Num4: 17; Num5: 25; Num6: 39
6,13,20,27,28,40,Num1: 6; Num2: 13; Num3: 20; Num4: 27; Num5: 28; Num6: 40
17,23,27,35,38,43,Num1: 17; Num2: 23; Num3: 27; Num4: 35; Num5: 38; Num6: 43
21,24,27,29,43,44,Num1: 21; Num2: 24; Num3: 27; Num4: 29; Num5: 43; Num6: 44
4,10,19,29,32,42,Num1: 4; Num2: 10; Num3: 19; Num4: 29; Num5: 32; Num6: 42
3,5,7,14,26,34,Num1: 3; Num2: 5; Num3: 7; Num4: 14; Num5: 26; Num6: 34
4,5,6,12,25,37,Num1: 4; Num2: 5; Num3: 6; Num4: 12; Num5: 25; Num6: 37
12,15,24,36,41,44,Num1: 12; Num2: 15; Num3: 24; Num4: 36; Num5: 41; Num6: 44
1,8,17,34,39,45,Num1: 1; Num2: 8; Num3: 17; Num4: 34; Num5: 39; Num6: 45
1,8,11,15,18,45,Num1: 1; Num2: 8; Num3: 11; Num4: 15; Num5: 18; Num6: 45
9,10,14,25,27,31,Num1: 9; Num2: 10; Num3: 14; Num4: 25; Num5: 27; Num6: 31
7,10,17,29,33,44,Num1: 7; Num2: 10; Num3: 17; Num4: 29; Num5: 33; Num6: 44
8,21,28,31,36,45,Num1: 8; Num2: 21; Num3: 28; Num4: 31; Num5: 36; Num6: 45
7,9,10,13,31,35,Num1: 7; Num2: 9; Num3: 10; Num4: 13; Num5: 31; Num6: 35
11,18,26,27,40,41,Num1: 11; Num2: 18; Num3: 26; Num4: 27; Num5: 40; Num6: 41
7,8,20,29,33,38,Num1: 7; Num2: 8; Num3: 20; Num4: 29; Num5: 33; Num6: 38
12,14,15,24,27,32,Num1: 12; Num2: 14; Num3: 15; Num4: 24; Num5: 27; Num6: 32
15,17,25,37,42,43,Num1: 15; Num2: 17; Num3: 25; Num4: 37; Num5: 42; Num6: 43
2,4,6,11,17,28,Num1: 2; Num2: 4; Num3: 6; Num4: 11; Num5: 17; Num6: 28
5,6,11,17,38,44,Num1: 5; Num2: 6; Num3: 11; Num4: 17; Num5: 38; Num6: 44
10,20,33,36,41,44,Num1: 10; Num2: 20; Num3: 33; Num4: 36; Num5: 41; Num6: 44
3,5,8,19,38,42,Num1: 3; Num2: 5; Num3: 8; Num4: 19; Num5: 38; Num6: 42
5,6,9,11,15,37,Num1: 5; Num2: 6; Num3: 9; Num4: 11; Num5: 15; Num6: 37
2,3,12,20,27,38,Num1: 2; Num2: 3; Num3: 12; Num4: 20; Num5: 27; Num6: 38
4,9,23,33,39,44,Num1: 4; Num2: 9; Num3: 23; Num4: 33; Num5: 39; Num6: 44
7,18,19,27,29,42,Num1: 7; Num2: 18; Num3: 19; Num4: 27; Num5: 29; Num6: 42
8,19,25,28,32,36,Num1: 8; Num2: 19; Num3: 25; Num4: 28; Num5: 32; Num6: 36
10,14,19,39,40,43,Num1: 10; Num2: 14; Num3: 19; Num4: 39; Num5: 40; Num6: 43
3,7,14,16,31,40,Num1: 3; Num2: 7; Num3: 14; Num4: 16; Num5: 31; Num6: 40
7,37,38,39,40,44,Num1: 7; Num2: 37; Num3: 38; Num4: 39; Num5: 40; Num6: 44
16,21,26,31,36,43,Num1: 16; Num2: 21; Num3: 26; Num4: 31; Num5: 36; Num6: 43
5,6,26,27,38,39,Num1: 5; Num2: 6; Num3: 26; Num4: 27; Num5: 38; Num6: 39
3,13,15,40,41,44,Num1: 3; Num2: 13; Num3: 15; Num4: 40; Num5: 41; Num6: 44
11,12,16,26,29,44,Num1: 11; Num2: 12; Num3: 16; Num4: 26; Num5: 29; Num6: 44
3,4,7,11,31,41,Num1: 3; Num2: 4; Num3: 7; Num4: 11; Num5: 31; Num6: 41
3,21,22,33,41,42,Num1: 3; Num2: 21; Num3: 22; Num4: 33; Num5: 41; Num6: 42
13,19,28,37,38,43,Num1: 13; Num2: 19; Num3: 28; Num4: 37; Num5: 38; Num6: 43
5,16,21,23,24,30,Num1: 5; Num2: 16; Num3: 21; Num4: 23; Num5: 24; Num6: 30
2,9,24,41,43,45,Num1: 2; Num2: 9; Num3: 24; Num4: 41; Num5: 43; Num6: 45
1,4,16,26,40,41,Num1: 1; Num2: 4; Num3: 16; Num4: 26; Num5: 40; Num6: 41
5,13,17,23,28,36,Num1: 5; Num2: 13; Num3: 17; Num4: 23; Num5: 28; Num6: 36
15,24,31,32,33,40,Num1: 15; Num2: 24; Num3: 31; Num4: 32; Num5: 33; Num6: 40
8,17,18,24,39,45,Num1: 8; Num2: 17; Num3: 18; Num4: 24; Num5: 39; Num6: 45
11,18,21,36,37,43,Num1: 11; Num2: 18; Num3: 21; Num4: 36; Num5: 37; Num6: 43
14,15,18,21,26,35,Num1: 14; Num2: 15; Num3: 18; Num4: 21; Num5: 26; Num6: 35
6,15,22,23,25,32,Num1: 6; Num2: 15; Num3: 22; Num4: 23; Num5: 25; Num6: 32
7,18,22,24,31,34,Num1: 7; Num2: 18; Num3: 22; Num4: 24; Num5: 31; Num6: 34
3,16,22,37,38,44,Num1: 3; Num2: 16; Num3: 22; Num4: 37; Num5: 38; Num6: 44
6,7,15,16,20,31,Num1: 6; Num2: 7; Num3: 15; Num4: 16; Num5: 20; Num6: 31
11,13,25,26,29,33,Num1: 11; Num2: 13; Num3: 25; Num4: 26; Num5: 29; Num6: 33
4,10,11,12,20,27,Num1: 4; Num2: 10; Num3: 11; Num4: 12; Num5: 20; Num6: 27
9,12,19,20,39,41,Num1: 9; Num2: 12; Num3: 19; Num4: 20; Num5: 39; Num6: 41
15,18,21,32,35,44,Num1: 15; Num2: 18; Num3: 21; Num4: 32; Num5: 35; Num6: 44
1,2,4,23,31,34,Num1: 1; Num2: 2; Num3: 4; Num4: 23; Num5: 31; Num6: 34
8,17,21,24,27,31,Num1: 8; Num2: 17; Num3: 21; Num4: 24; Num5: 27; Num6: 31
19,28,31,38,43,44,Num1: 19; Num2: 28; Num3: 31; Num4: 38; Num5: 43; Num6: 44
1,7,12,15,23,42,Num1: 1; Num2: 7; Num3: 12; Num4: 15; Num5: 23; Num6: 42
2,9,22,25,31,45,Num1: 2; Num2: 9; Num3: 22; Num4: 25; Num5: 31; Num6: 45
13,14,26,33,40,43,Num1: 13; Num2: 14; Num3: 26; Num4: 33; Num5: 40; Num6: 43
3,6,7,20,21,39,Num1: 3; Num2: 6; Num3: 7; Num4: 20; Num5: 21; Num6: 39
1,7,19,26,27,35,Num1: 1; Num2: 7; Num3: 19; Num4: 26; Num5: 27; Num6: 35
7,13,30,39,41,45,Num1: 7; Num2: 13; Num3: 30; Num4: 39; Num5: 41; Num6: 45
9,15,16,21,28,34,Num1: 9; Num2: 15; Num3: 16; Num4: 21; Num5: 28; Num6: 34
1,2,6,16,19,42,Num1: 1; Num2: 2; Num3: 6; Num4: 16; Num5: 19; Num6: 42
2,16,17,32,39,45,Num1: 2; Num2: 16; Num3: 17; Num4: 32; Num5: 39; Num6: 45
6,8,13,30,35,40,Num1: 6; Num2: 8; Num3: 13; Num4: 30; Num5: 35; Num6: 40
8,16,25,30,42,43,Num1: 8; Num2: 16; Num3: 25; Num4: 30; Num5: 42; Num6: 43
4,5,11,12,24,27,Num1: 4; Num2: 5; Num3: 11; Num4: 12; Num5: 24; Num6: 27
5,13,18,23,40,45,Num1: 5; Num2: 13; Num3: 18; Num4: 23; Num5: 40; Num6: 45
10,17,18,19,23,27,Num1: 10; Num2: 17; Num3: 18; Num4: 19; Num5: 23; Num6: 27
8,21,25,39,40,44,Num1: 8; Num2: 21; Num3: 25; Num4: 39; Num5: 40; Num6: 44
7,8,11,16,41,44,Num1: 7; Num2: 8; Num3: 11; Num4: 16; Num5: 41; Num6: 44
6,9,18,19,25,33,Num1: 6; Num2: 9; Num3: 18; Num4: 19; Num5: 25; Num6: 33
2,22,27,33,36,37,Num1: 2; Num2: 22; Num3: 27; Num4: 33; Num5: 36; Num6: 37
14,18,20,23,28,36,Num1: 14; Num2: 18; Num3: 20; Num4: 23; Num5: 28; Num6: 36
4,8,27,34,39,40,Num1: 4; Num2: 8; Num3: 27; Num4: 34; Num5: 39; Num6: 40
4,8,18,19,39,44,Num1: 4; Num2: 8; Num3: 18; Num4: 19; Num5: 39; Num6: 44
8,14,23,36,38,39,Num1: 8; Num2: 14; Num3: 23; Num4: 36; Num5: 38; Num6: 39
1,5,6,14,20,39,Num1: 1; Num2: 5; Num3: 6; Num4: 14; Num5: 20; Num6: 39
1,2,7,9,10,38,Num1: 1; Num2: 2; Num3: 7; Num4: 9; Num5: 10; Num6: 38
2,6,18,21,33,34,Num1: 2; Num2: 6; Num3: 18; Num4: 21; Num5: 33; Num6: 34
2,19,25,26,27,43,Num1: 2; Num2: 19; Num3: 25; Num4: 26; Num5: 27; Num6: 43
13,14,22,27,30,38,Num1: 13; Num2: 14; Num3: 22; Num4: 27; Num5: 30; Num6: 38
2,16,19,31,34,35,Num1: 2; Num2: 16; Num3: 19; Num4: 31; Num5: 34; Num6: 35
5,11,14,27,29,36,Num1: 5; Num2: 11; Num3: 14; Num4: 27; Num5: 29; Num6: 36
5,12,17,29,34,35,Num1: 5; Num2: 12; Num3: 17; Num4: 29; Num5: 34; Num6: 35
4,12,24,33,38,45,Num1: 4; Num2: 12; Num3: 24; Num4: 33; Num5: 38; Num6: 45
8,10,23,24,35,43,Num1: 8; Num2: 10; Num3: 23; Num4: 24; Num5: 35; Num6: 43
3,4,12,14,25,43,Num1: 3; Num2: 4; Num3: 12; Num4: 14; Num5: 25; Num6: 43
8,24,28,35,38,40,Num1: 8; Num2: 24; Num3: 28; Num4: 35; Num5: 38; Num6: 40
2,8,13,25,28,37,Num1: 2; Num2: 8; Num3: 13; Num4: 25; Num5: 28; Num6: 37
9,10,13,24,33,38,Num1: 9; Num2: 10; Num3: 13; Num4: 24; Num5: 33; Num6: 38
2,5,6,13,28,44,Num1: 2; Num2: 5; Num3: 6; Num4: 13; Num5: 28; Num6: 44
8,13,14,30,38,39,Num1: 8; Num2: 13; Num3: 14; Num4: 30; Num5: 38; Num6: 39
20,30,36,38,41,45,Num1: 20; Num2: 30; Num3: 36; Num4: 38; Num5: 41; Num6: 45
6,8,28,33,38,39,Num1: 6; Num2: 8; Num3: 28; Num4: 33; Num5: 38; Num6: 39
2,8,15,22,25,41,Num1: 2; Num2: 8; Num3: 15; Num4: 22; Num5: 25; Num6: 41
14,21,29,31,32,37,Num1: 14; Num2: 21; Num3: 29; Num4: 31; Num5: 32; Num6: 37
2,7,12,15,21,34,Num1: 2; Num2: 7; Num3: 12; Num4: 15; Num5: 21; Num6: 34
6,7,10,16,38,41,Num1: 6; Num2: 7; Num3: 10; Num4: 16; Num5: 38; Num6: 41
7,18,30,39,40,41,Num1: 7; Num2: 18; Num3: 30; Num4: 39; Num5: 40; Num6: 41
8,17,27,33,40,44,Num1: 8; Num2: 17; Num3: 27; Num4: 33; Num5: 40; Num6: 44
2,12,14,33,40,41,Num1: 2; Num2: 12; Num3: 14; Num4: 33; Num5: 40; Num6: 41
3,5,14,20,42,44,Num1: 3; Num2: 5; Num3: 14; Num4: 20; Num5: 42; Num6: 44
5,7,9,11,32,35,Num1: 5; Num2: 7; Num3: 9; Num4: 11; Num5: 32; Num6: 35
5,7,20,22,37,42,Num1: 5; Num2: 7; Num3: 20; Num4: 22; Num5: 37; Num6: 42
5,12,14,32,34,42,Num1: 5; Num2: 12; Num3: 14; Num4: 32; Num5: 34; Num6: 42
16,17,22,31,34,37,Num1: 16; Num2: 17; Num3: 22; Num4: 31; Num5: 34; Num6: 37
10,11,15,25,35,41,Num1: 10; Num2: 11; Num3: 15; Num4: 25; Num5: 35; Num6: 41
2,8,20,30,33,34,Num1: 2; Num2: 8; Num3: 20; Num4: 30; Num5: 33; Num6: 34
14,15,16,19,25,43,Num1: 14; Num2: 15; Num3: 16; Num4: 19; Num5: 25; Num6: 43
2,4,20,34,35,43,Num1: 2; Num2: 4; Num3: 20; Num4: 34; Num5: 35; Num6: 43
3,13,18,33,37,45,Num1: 3; Num2: 13; Num3: 18; Num4: 33; Num5: 37; Num6: 45
11,18,21,26,38,43,Num1: 11; Num2: 18; Num3: 21; Num4: 26; Num5: 38; Num6: 43
1,12,26,27,29,33,Num1: 1; Num2: 12; Num3: 26; Num4: 27; Num5: 29; Num6: 33
3,6,13,23,24,35,Num1: 3; Num2: 6; Num3: 13; Num4: 23; Num5: 24; Num6: 35
1,3,17,20,31,44,Num1: 1; Num2: 3; Num3: 17; Num4: 20; Num5: 31; Num6: 44
1,10,15,16,32,41,Num1: 1; Num2: 10; Num3: 15; Num4: 16; Num5: 32; Num6: 41
4,5,6,25,26,43,Num1: 4; Num2: 5; Num3: 6; Num4: 25; Num5: 26; Num6: 43
4,10,18,27,40,45,Num1: 4; Num2: 10; Num3: 18; Num4: 27; Num5: 40; Num6: 45
14,19,25,26,27,34,Num1: 14; Num2: 19; Num3: 25; Num4: 26; Num5: 27; Num6: 34
5,10,16,17,31,32,Num1: 5; Num2: 10; Num3: 16; Num4: 17; Num5: 31; Num6: 32
4,11,13,17,20,31,Num1: 4; Num2: 11; Num3: 13; Num4: 17; Num5: 20; Num6: 31
5,7,18,37,42,45,Num1: 5; Num2: 7; Num3: 18; Num4: 37; Num5: 42; Num6: 45
1,4,20,23,29,45,Num1: 1; Num2: 4; Num3: 20; Num4: 23; Num5: 29; Num6: 45
11,12,25,32,44,45,Num1: 11; Num2: 12; Num3: 25; Num4: 32; Num5: 44; Num6: 45
12,15,19,26,40,43,Num1: 12; Num2: 15; Num3: 19; Num4: 26; Num5: 40; Num6: 43
4,20,26,28,35,40,Num1: 4; Num2: 20; Num3: 26; Num4: 28; Num5: 35; Num6: 40
12,20,23,28,30,44,Num1: 12; Num2: 20; Num3: 23; Num4: 28; Num5: 30; Num6: 44
11,17,21,24,26,36,Num1: 11; Num2: 17; Num3: 21; Num4: 24; Num5: 26; Num6: 36
13,14,17,32,41,42,Num1: 13; Num2: 14; Num3: 17; Num4: 32; Num5: 41; Num6: 42
2,7,17,28,29,39,Num1: 2; Num2: 7; Num3: 17; Num4: 28; Num5: 29; Num6: 39
1,10,20,32,35,40,Num1: 1; Num2: 10; Num3: 20; Num4: 32; Num5: 35; Num6: 40
3,6,20,24,27,44,Num1: 3; Num2: 6; Num3: 20; Num4: 24; Num5: 27; Num6: 44
1,7,14,20,34,37,Num1: 1; Num2: 7; Num3: 14; Num4: 20; Num5: 34; Num6: 37
29,31,35,38,40,44,Num1: 29; Num2: 31; Num3: 35; Num4: 38; Num5: 40; Num6: 44
1,12,13,21,32,45,Num1: 1; Num2: 12; Num3: 13; Num4: 21; Num5: 32; Num6: 45
6,7,15,22,34,39,Num1: 6; Num2: 7; Num3: 15; Num4: 22; Num5: 34; Num6: 39
8,17,20,27,37,43,Num1: 8; Num2: 17; Num3: 20; Num4: 27; Num5: 37; Num6: 43
4,24,25,27,34,35,Num1: 4; Num2: 24; Num3: 25; Num4: 27; Num5: 34; Num6: 35
5,17,21,25,36,44,Num1: 5; Num2: 17; Num3: 21; Num4: 25; Num5: 36; Num6: 44
13,18,26,31,34,44,Num1: 13; Num2: 18; Num3: 26; Num4: 31; Num5: 34; Num6: 44
5,6,19,26,41,45,Num1: 5; Num2: 6; Num3: 19; Num4: 26; Num5: 41; Num6: 45
8,13,26,28,32,34,Num1: 8; Num2: 13; Num3: 26; Num4: 28; Num5: 32; Num6: 34
3,12,13,15,34,36,Num1: 3; Num2: 12; Num3: 13; Num4: 15; Num5: 34; Num6: 36
3,19,22,31,42,43,Num1: 3; Num2: 19; Num3: 22; Num4: 31; Num5: 42; Num6: 43
6,10,18,31,32,34,Num1: 6; Num2: 10; Num3: 18; Num4: 31; Num5: 32; Num6: 34
12,23,26,30,36,43,Num1: 12; Num2: 23; Num3: 26; Num4: 30; Num5: 36; Num6: 43
7,8,18,32,37,43,Num1: 7; Num2: 8; Num3: 18; Num4: 32; Num5: 37; Num6: 43
11,12,14,15,18,39,Num1: 11; Num2: 12; Num3: 14; Num4: 15; Num5: 18; Num6: 39
10,24,26,29,37,38,Num1: 10; Num2: 24; Num3: 26; Num4: 29; Num5: 37; Num6: 38
9,14,15,17,31,33,Num1: 9; Num2: 14; Num3: 15; Num4: 17; Num5: 31; Num6: 33
16,17,23,24,29,44,Num1: 16; Num2: 17; Num3: 23; Num4: 24; Num5: 29; Num6: 44
1,5,9,21,27,35,Num1: 1; Num2: 5; Num3: 9; Num4: 21; Num5: 27; Num6: 35
16,23,27,29,33,41,Num1: 16; Num2: 23; Num3: 27; Num4: 29; Num5: 33; Num6: 41
18,20,24,27,31,42,Num1: 18; Num2: 20; Num3: 24; Num4: 27; Num5: 31; Num6: 42
5,17,25,31,39,40,Num1: 5; Num2: 17; Num3: 25; Num4: 31; Num5: 39; Num6: 40
1,12,22,32,33,42,Num1: 1; Num2: 12; Num3: 22; Num4: 32; Num5: 33; Num6: 42
7,14,17,20,35,39,Num1: 7; Num2: 14; Num3: 17; Num4: 20; Num5: 35; Num6: 39
11,23,26,29,39,44,Num1: 11; Num2: 23; Num3: 26; Num4: 29; Num5: 39; Num6: 44
10,11,29,38,41,45,Num1: 10; Num2: 11; Num3: 29; Num4: 38; Num5: 41; Num6: 45
1,4,37,38,40,45,Num1: 1; Num2: 4; Num3: 37; Num4: 38; Num5: 40; Num6: 45
4,5,13,14,37,41,Num1: 4; Num2: 5; Num3: 13; Num4: 14; Num5: 37; Num6: 41
3,7,18,29,32,36,Num1: 3; Num2: 7; Num3: 18; Num4: 29; Num5: 32; Num6: 36
4,22,27,28,38,40,Num1: 4; Num2: 22; Num3: 27; Num4: 28; Num5: 38; Num6: 40
6,8,13,16,30,43,Num1: 6; Num2: 8; Num3: 13; Num4: 16; Num5: 30; Num6: 43
14,23,30,32,34,38,Num1: 14; Num2: 23; Num3: 30; Num4: 32; Num5: 34; Num6: 38
1,9,12,28,36,41,Num1: 1; Num2: 9; Num3: 12; Num4: 28; Num5: 36; Num6: 41
2,8,23,41,43,44,Num1: 2; Num2: 8; Num3: 23; Num4: 41; Num5: 43; Num6: 44
2,11,12,15,23,37,Num1: 2; Num2: 11; Num3: 12; Num4: 15; Num5: 23; Num6: 37
1,15,20,26,35,42,Num1: 1; Num2: 15; Num3: 20; Num4: 26; Num5: 35; Num6: 42
5,8,21,23,27,33,Num1: 5; Num2: 8; Num3: 21; Num4: 23; Num5: 27; Num6: 33
4,5,9,13,26,27,Num1: 4; Num2: 5; Num3: 9; Num4: 13; Num5: 26; Num6: 27
3,7,14,23,26,42,Num1: 3; Num2: 7; Num3: 14; Num4: 23; Num5: 26; Num6: 42
12,29,32,33,39,40,Num1: 12; Num2: 29; Num3: 32; Num4: 33; Num5: 39; Num6: 40
12,25,29,35,42,43,Num1: 12; Num2: 25; Num3: 29; Num4: 35; Num5: 42; Num6: 43
5,27,31,34,35,43,Num1: 5; Num2: 27; Num3: 31; Num4: 34; Num5: 35; Num6: 43
12,13,32,33,40,41,Num1: 12; Num2: 13; Num3: 32; Num4: 33; Num5: 40; Num6: 41
6,9,11,22,24,30,Num1: 6; Num2: 9; Num3: 11; Num4: 22; Num5: 24; Num6: 30
7,20,22,25,38,40,Num1: 7; Num2: 20; Num3: 22; Num4: 25; Num5: 38; Num6: 40
6,14,22,26,43,44,Num1: 6; Num2: 14; Num3: 22; Num4: 26; Num5: 43; Num6: 44
1,5,27,30,34,36,Num1: 1; Num2: 5; Num3: 27; Num4: 30; Num5: 34; Num6: 36
6,22,28,32,34,40,Num1: 6; Num2: 22; Num3: 28; Num4: 32; Num5: 34; Num6: 40
1,4,10,17,31,42,Num1: 1; Num2: 4; Num3: 10; Num4: 17; Num5: 31; Num6: 42
3,4,12,20,24,34,Num1: 3; Num2: 4; Num3: 12; Num4: 20; Num5: 24; Num6: 34
5,20,23,27,35,40,Num1: 5; Num2: 20; Num3: 23; Num4: 27; Num5: 35; Num6: 40
13,14,24,32,39,41,Num1: 13; Num2: 14; Num3: 24; Num4: 32; Num5: 39; Num6: 41
19,20,23,24,43,44,Num1: 19; Num2: 20; Num3: 23; Num4: 24; Num5: 43; Num6: 44
4,13,20,29,36,41,Num1: 4; Num2: 13; Num3: 20; Num4: 29; Num5: 36; Num6: 41
4,13,22,27,34,44,Num1: 4; Num2: 13; Num3: 22; Num4: 27; Num5: 34; Num6: 44
5,7,8,15,30,43,Num1: 5; Num2: 7; Num3: 8; Num4: 15; Num5: 30; Num6: 43
20,22,26,33,36,37,Num1: 20; Num2: 22; Num3: 26; Num4: 33; Num5: 36; Num6: 37
22,27,31,35,37,40,Num1: 22; Num2: 27; Num3: 31; Num4: 35; Num5: 37; Num6: 40
8,17,35,36,39,42,Num1: 8; Num2: 17; Num3: 35; Num4: 36; Num5: 39; Num6: 42
2,7,26,29,40,43,Num1: 2; Num2: 7; Num3: 26; Num4: 29; Num5: 40; Num6: 43
2,4,8,15,20,27,Num1: 2; Num2: 4; Num3: 8; Num4: 15; Num5: 20; Num6: 27
2,8,17,30,31,38,Num1: 2; Num2: 8; Num3: 17; Num4: 30; Num5: 31; Num6: 38
4,8,25,27,37,41,Num1: 4; Num2: 8; Num3: 25; Num4: 27; Num5: 37; Num6: 41
1,2,23,25,38,40,Num1: 1; Num2: 2; Num3: 23; Num4: 25; Num5: 38; Num6: 40
17,22,26,27,36,39,Num1: 17; Num2: 22; Num3: 26; Num4: 27; Num5: 36; Num6: 39
1,3,27,28,32,45,Num1: 1; Num2: 3; Num3: 27; Num4: 28; Num5: 32; Num6: 45
12,15,19,22,28,34,Num1: 12; Num2: 15; Num3: 19; Num4: 22; Num5: 28; Num6: 34
1,10,16,24,25,35,Num1: 1; Num2: 10; Num3: 16; Num4: 24; Num5: 25; Num6: 35
3,4,23,29,40,41,Num1: 3; Num2: 4; Num3: 23; Num4: 29; Num5: 40; Num6: 41
3,5,10,17,30,31,Num1: 3; Num2: 5; Num3: 10; Num4: 17; Num5: 30; Num6: 31
8,23,25,27,35,44,Num1: 8; Num2: 23; Num3: 25; Num4: 27; Num5: 35; Num6: 44
18,29,30,37,39,43,Num1: 18; Num2: 29; Num3: 30; Num4: 37; Num5: 39; Num6: 43
14,25,29,32,33,45,Num1: 14; Num2: 25; Num3: 29; Num4: 32; Num5: 33; Num6: 45
9,12,13,15,37,38,Num1: 9; Num2: 12; Num3: 13; Num4: 15; Num5: 37; Num6: 38
1,9,14,16,21,29,Num1: 1; Num2: 9; Num3: 14; Num4: 16; Num5: 21; Num6: 29
4,13,18,31,33,45,Num1: 4; Num2: 13; Num3: 18; Num4: 31; Num5: 33; Num6: 45
8,13,20,22,23,36,Num1: 8; Num2: 13; Num3: 20; Num4: 22; Num5: 23; Num6: 36
16,25,26,31,36,43,Num1: 16; Num2: 25; Num3: 26; Num4: 31; Num5: 36; Num6: 43
6,13,29,37,39,41,Num1: 6; Num2: 13; Num3: 29; Num4: 37; Num5: 39; Num6: 41
10,16,20,39,41,42,Num1: 10; Num2: 16; Num3: 20; Num4: 39; Num5: 41; Num6: 42
4,21,22,34,37,38,Num1: 4; Num2: 21; Num3: 22; Num4: 34; Num5: 37; Num6: 38
8,13,15,28,37,43,Num1: 8; Num2: 13; Num3: 15; Num4: 28; Num5: 37; Num6: 43
2,12,14,17,24,40,Num1: 2; Num2: 12; Num3: 14; Num4: 17; Num5: 24; Num6: 40
4,10,13,23,32,44,Num1: 4; Num2: 10; Num3: 13; Num4: 23; Num5: 32; Num6: 44
1,8,11,13,22,38,Num1: 1; Num2: 8; Num3: 11; Num4: 13; Num5: 22; Num6: 38
6,12,15,34,42,44,Num1: 6; Num2: 12; Num3: 15; Num4: 34; Num5: 42; Num6: 44
23,29,31,33,34,44,Num1: 23; Num2: 29; Num3: 31; Num4: 33; Num5: 34; Num6: 44
3,20,24,32,37,45,Num1: 3; Num2: 20; Num3: 24; Num4: 32; Num5: 37; Num6: 45
11,18,26,31,37,40,Num1: 11; Num2: 18; Num3: 26; Num4: 31; Num5: 37; Num6: 40
8,11,28,30,43,45,Num1: 8; Num2: 11; Num3: 28; Num4: 30; Num5: 43; Num6: 45
4,6,10,14,25,40,Num1: 4; Num2: 6; Num3: 10; Num4: 14; Num5: 25; Num6: 40
4,9,10,32,36,40,Num1: 4; Num2: 9; Num3: 10; Num4: 32; Num5: 36; Num6: 40
8,10,18,23,27,40,Num1: 8; Num2: 10; Num3: 18; Num4: 23; Num5: 27; Num6: 40
1,7,12,18,23,27,Num1: 1; Num2: 7; Num3: 12; Num4: 18; Num5: 23; Num6: 27
4,19,20,26,30,35,Num1: 4; Num2: 19; Num3: 20; Num4: 26; Num5: 30; Num6: 35
13,25,27,34,38,41,Num1: 13; Num2: 25; Num3: 27; Num4: 34; Num5: 38; Num6: 41
12,24,33,38,40,42,Num1: 12; Num2: 24; Num3: 33; Num4: 38; Num5: 40; Num6: 42
8,10,18,30,32,34,Num1: 8; Num2: 10; Num3: 18; Num4: 30; Num5: 32; Num6: 34
12,15,20,24,30,38,Num1: 12; Num2: 15; Num3: 20; Num4: 24; Num5: 30; Num6: 38
6,14,19,21,23,31,Num1: 6; Num2: 14; Num3: 19; Num4: 21; Num5: 23; Num6: 31
3,10,20,26,35,43,Num1: 3; Num2: 10; Num3: 20; Num4: 26; Num5: 35; Num6: 43
3,7,13,27,40,41,Num1: 3; Num2: 7; Num3: 13; Num4: 27; Num5: 40; Num6: 41
2,7,8,9,17,33,Num1: 2; Num2: 7; Num3: 8; Num4: 9; Num5: 17; Num6: 33
1,11,12,14,26,35,Num1: 1; Num2: 11; Num3: 12; Num4: 14; Num5: 26; Num6: 35
13,20,21,30,39,45,Num1: 13; Num2: 20; Num3: 21; Num4: 30; Num5: 39; Num6: 45
11,13,23,35,43,45,Num1: 11; Num2: 13; Num3: 23; Num4: 35; Num5: 43; Num6: 45
4,6,10,19,20,44,Num1: 4; Num2: 6; Num3: 10; Num4: 19; Num5: 20; Num6: 44
25,27,29,36,38,40,Num1: 25; Num2: 27; Num3: 29; Num4: 36; Num5: 38; Num6: 40
1,23,28,30,34,35,Num1: 1; Num2: 23; Num3: 28; Num4: 30; Num5: 34; Num6: 35
10,22,28,34,36,44,Num1: 10; Num2: 22; Num3: 28; Num4: 34; Num5: 36; Num6: 44
17,20,30,31,37,40,Num1: 17; Num2: 20; Num3: 30; Num4: 31; Num5: 37; Num6: 40
6,12,20,26,29,38,Num1: 6; Num2: 12; Num3: 20; Num4: 26; Num5: 29; Num6: 38
11,16,29,38,41,44,Num1: 11; Num2: 16; Num3: 29; Num4: 38; Num5: 41; Num6: 44
9,14,20,22,33,34,Num1: 9; Num2: 14; Num3: 20; Num4: 22; Num5: 33; Num6: 34
8,16,26,30,38,45,Num1: 8; Num2: 16; Num3: 26; Num4: 30; Num5: 38; Num6: 45
3,13,20,24,33,37,Num1: 3; Num2: 13; Num3: 20; Num4: 24; Num5: 33; Num6: 37
19,23,29,33,35,43,Num1: 19; Num2: 23; Num3: 29; Num4: 33; Num5: 35; Num6: 43
2,3,5,11,27,39,Num1: 2; Num2: 3; Num3: 5; Num4: 11; Num5: 27; Num6: 39
18,22,25,31,38,45,Num1: 18; Num2: 22; Num3: 25; Num4: 31; Num5: 38; Num6: 45
1,3,16,18,30,34,Num1: 1; Num2: 3; Num3: 16; Num4: 18; Num5: 30; Num6: 34
3,23,28,34,39,42,Num1: 3; Num2: 23; Num3: 28; Num4: 34; Num5: 39; Num6: 42
12,16,19,22,37,40,Num1: 12; Num2: 16; Num3: 19; Num4: 22; Num5: 37; Num6: 40
6,7,15,24,28,30,Num1: 6; Num2: 7; Num3: 15; Num4: 24; Num5: 28; Num6: 30
4,17,18,27,39,43,Num1: 4; Num2: 17; Num3: 18; Num4: 27; Num5: 39; Num6: 43
8,10,14,27,33,38,Num1: 8; Num2: 10; Num3: 14; Num4: 27; Num5: 33; Num6: 38
10,11,26,31,34,44,Num1: 10; Num2: 11; Num3: 26; Num4: 31; Num5: 34; Num6: 44
1,17,27,28,29,40,Num1: 1; Num2: 17; Num3: 27; Num4: 28; Num5: 29; Num6: 40
8,15,19,21,34,44,Num1: 8; Num2: 15; Num3: 19; Num4: 21; Num5: 34; Num6: 44
6,11,26,27,28,44,Num1: 6; Num2: 11; Num3: 26; Num4: 27; Num5: 28; Num6: 44
4,9,10,29,31,34,Num1: 4; Num2: 9; Num3: 10; Num4: 29; Num5: 31; Num6: 34
2,11,13,14,28,30,Num1: 2; Num2: 11; Num3: 13; Num4: 14; Num5: 28; Num6: 30
11,13,15,26,28,34,Num1: 11; Num2: 13; Num3: 15; Num4: 26; Num5: 28; Num6: 34
4,5,14,20,22,43,Num1: 4; Num2: 5; Num3: 14; Num4: 20; Num5: 22; Num6: 43
5,6,8,11,22,26,Num1: 5; Num2: 6; Num3: 8; Num4: 11; Num5: 22; Num6: 26
7,17,20,26,30,40,Num1: 7; Num2: 17; Num3: 20; Num4: 26; Num5: 30; Num6: 40
2,14,15,22,23,44,Num1: 2; Num2: 14; Num3: 15; Num4: 22; Num5: 23; Num6: 44
2,9,15,23,34,40,Num1: 2; Num2: 9; Num3: 15; Num4: 23; Num5: 34; Num6: 40
4,7,39,41,42,45,Num1: 4; Num2: 7; Num3: 39; Num4: 41; Num5: 42; Num6: 45
11,14,22,35,37,39,Num1: 11; Num2: 14; Num3: 22; Num4: 35; Num5: 37; Num6: 39
1,3,18,32,40,41,Num1: 1; Num2: 3; Num3: 18; Num4: 32; Num5: 40; Num6: 41
6,9,21,31,32,40,Num1: 6; Num2: 9; Num3: 21; Num4: 31; Num5: 32; Num6: 40
9,20,21,22,30,37,Num1: 9; Num2: 20; Num3: 21; Num4: 22; Num5: 30; Num6: 37
6,7,13,16,24,25,Num1: 6; Num2: 7; Num3: 13; Num4: 16; Num5: 24; Num6: 25
7,12,21,24,27,36,Num1: 7; Num2: 12; Num3: 21; Num4: 24; Num5: 27; Num6: 36
1,2,10,25,26,44,Num1: 1; Num2: 2; Num3: 10; Num4: 25; Num5: 26; Num6: 44
5,20,21,24,33,40,Num1: 5; Num2: 20; Num3: 21; Num4: 24; Num5: 33; Num6: 40
10,14,22,24,28,37,Num1: 10; Num2: 14; Num3: 22; Num4: 24; Num5: 28; Num6: 37
5,9,15,19,22,36,Num1: 5; Num2: 9; Num3: 15; Num4: 19; Num5: 22; Num6: 36
6,12,18,31,38,43,Num1: 6; Num2: 12; Num3: 18; Num4: 31; Num5: 38; Num6: 43
9,21,27,34,41,43,Num1: 9; Num2: 21; Num3: 27; Num4: 34; Num5: 41; Num6: 43
1,2,9,17,19,42,Num1: 1; Num2: 2; Num3: 9; Num4: 17; Num5: 19; Num6: 42
10,15,20,23,42,44,Num1: 10; Num2: 15; Num3: 20; Num4: 23; Num5: 42; Num6: 44
12,13,17,22,25,33,Num1: 12; Num2: 13; Num3: 17; Num4: 22; Num5: 25; Num6: 33
18,20,31,34,40,45,Num1: 18; Num2: 20; Num3: 31; Num4: 34; Num5: 40; Num6: 45
11,15,20,26,31,35,Num1: 11; Num2: 15; Num3: 20; Num4: 26; Num5: 31; Num6: 35
1,13,20,22,25,28,Num1: 1; Num2: 13; Num3: 20; Num4: 22; Num5: 25; Num6: 28
9,16,28,40,41,43,Num1: 9; Num2: 16; Num3: 28; Num4: 40; Num5: 41; Num6: 43
1,3,7,8,24,42,Num1: 1; Num2: 3; Num3: 7; Num4: 8; Num5: 24; Num6: 42
10,11,18,22,28,39,Num1: 10; Num2: 11; Num3: 18; Num4: 22; Num5: 28; Num6: 39
16,17,28,37,39,40,Num1: 16; Num2: 17; Num3: 28; Num4: 37; Num5: 39; Num6: 40
7,16,18,20,23,26,Num1: 7; Num2: 16; Num3: 18; Num4: 20; Num5: 23; Num6: 26
1,8,9,17,29,32,Num1: 1; Num2: 8; Num3: 9; Num4: 17; Num5: 29; Num6: 32
1,26,31,34,40,43,Num1: 1; Num2: 26; Num3: 31; Num4: 34; Num5: 40; Num6: 43
4,7,10,19,31,40,Num1: 4; Num2: 7; Num3: 10; Num4: 19; Num5: 31; Num6: 40
7,12,19,21,29,32,Num1: 7; Num2: 12; Num3: 19; Num4: 21; Num5: 29; Num6: 32
11,22,24,32,36,38,Num1: 11; Num2: 22; Num3: 24; Num4: 32; Num5: 36; Num6: 38
4,15,28,33,37,40,Num1: 4; Num2: 15; Num3: 28; Num4: 33; Num5: 37; Num6: 40
10,15,22,24,27,42,Num1: 10; Num2: 15; Num3: 22; Num4: 24; Num5: 27; Num6: 42
1,5,10,12,16,20,Num1: 1; Num2: 5; Num3: 10; Num4: 12; Num5: 16; Num6: 20
1,2,8,17,26,37,Num1: 1; Num2: 2; Num3: 8; Num4: 17; Num5: 26; Num6: 37
6,10,22,31,35,40,Num1: 6; Num2: 10; Num3: 22; Num4: 31; Num5: 35; Num6: 40
5,22,29,31,34,39,Num1: 5; Num2: 22; Num3: 29; Num4: 31; Num5: 34; Num6: 39
6,22,29,37,43,45,Num1: 6; Num2: 22; Num3: 29; Num4: 37; Num5: 43; Num6: 45
1,11,13,24,28,40,Num1: 1; Num2: 11; Num3: 13; Num4: 24; Num5: 28; Num6: 40
4,8,19,25,27,45,Num1: 4; Num2: 8; Num3: 19; Num4: 25; Num5: 27; Num6: 45
11,13,15,17,25,34,Num1: 11; Num2: 13; Num3: 15; Num4: 17; Num5: 25; Num6: 34
15,26,37,42,43,45,Num1: 15; Num2: 26; Num3: 37; Num4: 42; Num5: 43; Num6: 45
8,11,14,16,18,21,Num1: 8; Num2: 11; Num3: 14; Num4: 16; Num5: 18; Num6: 21
7,9,15,26,27,42,Num1: 7; Num2: 9; Num3: 15; Num4: 26; Num5: 27; Num6: 42
16,18,24,42,44,45,Num1: 16; Num2: 18; Num3: 24; Num4: 42; Num5: 44; Num6: 45
17,20,35,36,41,43,Num1: 17; Num2: 20; Num3: 35; Num4: 36; Num5: 41; Num6: 43
11,21,24,30,39,45,Num1: 11; Num2: 21; Num3: 24; Num4: 30; Num5: 39; Num6: 45
3,22,25,29,32,44,Num1: 3; Num2: 22; Num3: 25; Num4: 29; Num5: 32; Num6: 44
5,12,19,26,27,44,Num1: 5; Num2: 12; Num3: 19; Num4: 26; Num5: 27; Num6: 44
5,15,21,25,26,30,Num1: 5; Num2: 15; Num3: 21; Num4: 25; Num5: 26; Num6: 30
2,5,7,14,16,40,Num1: 2; Num2: 5; Num3: 7; Num4: 14; Num5: 16; Num6: 40
11,12,14,21,32,38,Num1: 11; Num2: 12; Num3: 14; Num4: 21; Num5: 32; Num6: 38
2,3,22,27,30,40,Num1: 2; Num2: 3; Num3: 22; Num4: 27; Num5: 30; Num6: 40
5,10,16,24,27,35,Num1: 5; Num2: 10; Num3: 16; Num4: 24; Num5: 27; Num6: 35
4,16,23,25,35,40,Num1: 4; Num2: 16; Num3: 23; Num4: 25; Num5: 35; Num6: 40
1,10,19,20,24,40,Num1: 1; Num2: 10; Num3: 19; Num4: 20; Num5: 24; Num6: 40
1,9,10,12,21,40,Num1: 1; Num2: 9; Num3: 10; Num4: 12; Num5: 21; Num6: 40
10,14,18,21,36,37,Num1: 10; Num2: 14; Num3: 18; Num4: 21; Num5: 36; Num6: 37
2,8,14,25,29,45,Num1: 2; Num2: 8; Num3: 14; Num4: 25; Num5: 29; Num6: 45
5,8,29,30,35,44,Num1: 5; Num2: 8; Num3: 29; Num4: 30; Num5: 35; Num6: 44
14,19,36,43,44,45,Num1: 14; Num2: 19; Num3: 36; Num4: 43; Num5: 44; Num6: 45
11,16,19,22,29,36,Num1: 11; Num2: 16; Num3: 19; Num4: 22; Num5: 29; Num6: 36
5,16,17,20,26,41,Num1: 5; Num2: 16; Num3: 17; Num4: 20; Num5: 26; Num6: 41
5,25,27,29,34,36,Num1: 5; Num2: 25; Num3: 27; Num4: 29; Num5: 34; Num6: 36
1,8,18,24,29,33,Num1: 1; Num2: 8; Num3: 18; Num4: 24; Num5: 29; Num6: 33
5,13,14,20,24,25,Num1: 5; Num2: 13; Num3: 14; Num4: 20; Num5: 24; Num6: 25
3,14,17,20,24,31,Num1: 3; Num2: 14; Num3: 17; Num4: 20; Num5: 24; Num6: 31
3,8,13,27,32,42,Num1: 3; Num2: 8; Num3: 13; Num4: 27; Num5: 32; Num6: 42
5,13,14,22,44,45,Num1: 5; Num2: 13; Num3: 14; Num4: 22; Num5: 44; Num6: 45
15,20,23,29,39,42,Num1: 15; Num2: 20; Num3: 23; Num4: 29; Num5: 39; Num6: 42
1,2,15,28,34,45,Num1: 1; Num2: 2; Num3: 15; Num4: 28; Num5: 34; Num6: 45
1,10,17,29,31,43,Num1: 1; Num2: 10; Num3: 17; Num4: 29; Num5: 31; Num6: 43
1,13,14,33,34,43,Num1: 1; Num2: 13; Num3: 14; Num4: 33; Num5: 34; Num6: 43
1,8,19,34,39,43,Num1: 1; Num2: 8; Num3: 19; Num4: 34; Num5: 39; Num6: 43
18,24,26,29,34,38,Num1: 18; Num2: 24; Num3: 26; Num4: 29; Num5: 34; Num6: 38
6,8,14,21,30,37,Num1: 6; Num2: 8; Num3: 14; Num4: 21; Num5: 30; Num6: 37
2,13,34,38,42,45,Num1: 2; Num2: 13; Num3: 34; Num4: 38; Num5: 42; Num6: 45
1,5,14,18,32,37,Num1: 1; Num2: 5; Num3: 14; Num4: 18; Num5: 32; Num6: 37
3,5,20,34,35,44,Num1: 3; Num2: 5; Num3: 20; Num4: 34; Num5: 35; Num6: 44
5,9,16,23,26,45,Num1: 5; Num2: 9; Num3: 16; Num4: 23; Num5: 26; Num6: 45
13,15,21,29,39,43,Num1: 13; Num2: 15; Num3: 21; Num4: 29; Num5: 39; Num6: 43
5,14,27,30,39,43,Num1: 5; Num2: 14; Num3: 27; Num4: 30; Num5: 39; Num6: 43
16,17,34,36,42,45,Num1: 16; Num2: 17; Num3: 34; Num4: 36; Num5: 42; Num6: 45
4,9,14,26,31,44,Num1: 4; Num2: 9; Num3: 14; Num4: 26; Num5: 31; Num6: 44
3,4,16,17,19,20,Num1: 3; Num2: 4; Num3: 16; Num4: 17; Num5: 19; Num6: 20
9,17,19,30,35,42,Num1: 9; Num2: 17; Num3: 19; Num4: 30; Num5: 35; Num6: 42
1,6,9,16,17,28,Num1: 1; Num2: 6; Num3: 9; Num4: 16; Num5: 17; Num6: 28
6,12,13,17,32,44,Num1: 6; Num2: 12; Num3: 13; Num4: 17; Num5: 32; Num6: 44
16,23,25,33,36,39,Num1: 16; Num2: 23; Num3: 25; Num4: 33; Num5: 36; Num6: 39
7,17,20,32,44,45,Num1: 7; Num2: 17; Num3: 20; Num4: 32; Num5: 44; Num6: 45
2,4,21,25,33,36,Num1: 2; Num2: 4; Num3: 21; Num4: 25; Num5: 33; Num6: 36
10,14,15,32,36,42,Num1: 10; Num2: 14; Num3: 15; Num4: 32; Num5: 36; Num6: 42
9,18,29,32,38,43,Num1: 9; Num2: 18; Num3: 29; Num4: 32; Num5: 38; Num6: 43
12,18,20,21,25,34,Num1: 12; Num2: 18; Num3: 20; Num4: 21; Num5: 25; Num6: 34
16,19,23,25,41,45,Num1: 16; Num2: 19; Num3: 23; Num4: 25; Num5: 41; Num6: 45
5,8,22,28,33,42,Num1: 5; Num2: 8; Num3: 22; Num4: 28; Num5: 33; Num6: 42
2,17,19,20,34,45,Num1: 2; Num2: 17; Num3: 19; Num4: 20; Num5: 34; Num6: 45
3,10,11,22,36,39,Num1: 3; Num2: 10; Num3: 11; Num4: 22; Num5: 36; Num6: 39
10,11,21,27,31,39,Num1: 10; Num2: 11; Num3: 21; Num4: 27; Num5: 31; Num6: 39
1,13,33,35,43,45,Num1: 1; Num2: 13; Num3: 33; Num4: 35; Num5: 43; Num6: 45
15,17,19,34,38,41,Num1: 15; Num2: 17; Num3: 19; Num4: 34; Num5: 38; Num6: 41
9,17,34,35,43,45,Num1: 9; Num2: 17; Num3: 34; Num4: 35; Num5: 43; Num6: 45
2,3,5,6,12,20,Num1: 2; Num2: 3; Num3: 5; Num4: 6; Num5: 12; Num6: 20
4,12,24,27,28,32,Num1: 4; Num2: 12; Num3: 24; Num4: 27; Num5: 28; Num6: 32
1,5,19,28,34,41,Num1: 1; Num2: 5; Num3: 19; Num4: 28; Num5: 34; Num6: 41
1,2,5,11,18,36,Num1: 1; Num2: 2; Num3: 5; Num4: 11; Num5: 18; Num6: 36
14,15,17,19,37,45,Num1: 14; Num2: 15; Num3: 17; Num4: 19; Num5: 37; Num6: 45
5,15,21,23,25,45,Num1: 5; Num2: 15; Num3: 21; Num4: 23; Num5: 25; Num6: 45
4,18,23,30,34,41,Num1: 4; Num2: 18; Num3: 23; Num4: 30; Num5: 34; Num6: 41
7,8,18,21,23,39,Num1: 7; Num2: 8; Num3: 18; Num4: 21; Num5: 23; Num6: 39
4,10,16,26,33,41,Num1: 4; Num2: 10; Num3: 16; Num4: 26; Num5: 33; Num6: 41
2,14,17,30,38,45,Num1: 2; Num2: 14; Num3: 17; Num4: 30; Num5: 38; Num6: 45
13,19,20,32,38,42,Num1: 13; Num2: 19; Num3: 20; Num4: 32; Num5: 38; Num6: 42
7,11,13,33,37,43,Num1: 7; Num2: 11; Num3: 13; Num4: 33; Num5: 37; Num6: 43
7,9,10,12,26,38,Num1: 7; Num2: 9; Num3: 10; Num4: 12; Num5: 26; Num6: 38
1,3,20,25,36,45,Num1: 1; Num2: 3; Num3: 20; Num4: 25; Num5: 36; Num6: 45
5,9,27,29,37,40,Num1: 5; Num2: 9; Num3: 27; Num4: 29; Num5: 37; Num6: 40
6,11,19,20,28,32,Num1: 6; Num2: 11; Num3: 19; Num4: 20; Num5: 28; Num6: 32
3,8,15,27,30,45,Num1: 3; Num2: 8; Num3: 15; Num4: 27; Num5: 30; Num6: 45
1,4,12,16,18,38,Num1: 1; Num2: 4; Num3: 12; Num4: 16; Num5: 18; Num6: 38
6,10,17,30,37,38,Num1: 6; Num2: 10; Num3: 17; Num4: 30; Num5: 37; Num6: 38
1,9,17,21,29,33,Num1: 1; Num2: 9; Num3: 17; Num4: 21; Num5: 29; Num6: 33
17,18,31,32,33,34,Num1: 17; Num2: 18; Num3: 31; Num4: 32; Num5: 33; Num6: 34
3,7,8,18,20,42,Num1: 3; Num2: 7; Num3: 8; Num4: 18; Num5: 20; Num6: 42
8,13,18,32,39,45,Num1: 8; Num2: 13; Num3: 18; Num4: 32; Num5: 39; Num6: 45
3,14,33,37,38,42,Num1: 3; Num2: 14; Num3: 33; Num4: 37; Num5: 38; Num6: 42
1,12,17,28,35,41,Num1: 1; Num2: 12; Num3: 17; Num4: 28; Num5: 35; Num6: 41
6,12,24,27,35,37,Num1: 6; Num2: 12; Num3: 24; Num4: 27; Num5: 35; Num6: 37
1,15,19,40,42,44,Num1: 1; Num2: 15; Num3: 19; Num4: 40; Num5: 42; Num6: 44
13,33,37,40,41,45,Num1: 13; Num2: 33; Num3: 37; Num4: 40; Num5: 41; Num6: 45
2,7,15,24,30,45,Num1: 2; Num2: 7; Num3: 15; Num4: 24; Num5: 30; Num6: 45
6,8,18,31,38,45,Num1: 6; Num2: 8; Num3: 18; Num4: 31; Num5: 38; Num6: 45
2,5,10,18,31,32,Num1: 2; Num2: 5; Num3: 10; Num4: 18; Num5: 31; Num6: 32
1,3,4,6,14,41,Num1: 1; Num2: 3; Num3: 4; Num4: 6; Num5: 14; Num6: 41
10,11,23,24,36,37,Num1: 10; Num2: 11; Num3: 23; Num4: 24; Num5: 36; Num6: 37
7,16,31,36,37,38,Num1: 7; Num2: 16; Num3: 31; Num4: 36; Num5: 37; Num6: 38
3,11,37,39,41,43,Num1: 3; Num2: 11; Num3: 37; Num4: 39; Num5: 41; Num6: 43
10,12,13,15,25,29,Num1: 10; Num2: 12; Num3: 13; Num4: 15; Num5: 25; Num6: 29
4,15,21,33,39,41,Num1: 4; Num2: 15; Num3: 21; Num4: 33; Num5: 39; Num6: 41
14,19,20,35,38,40,Num1: 14; Num2: 19; Num3: 20; Num4: 35; Num5: 38; Num6: 40
13,14,15,26,35,39,Num1: 13; Num2: 14; Num3: 15; Num4: 26; Num5: 35; Num6: 39
1,8,24,31,34,44,Num1: 1; Num2: 8; Num3: 24; Num4: 31; Num5: 34; Num6: 44
7,9,12,27,39,43,Num1: 7; Num2: 9; Num3: 12; Num4: 27; Num5: 39; Num6: 43
3,8,9,27,29,40,Num1: 3; Num2: 8; Num3: 9; Num4: 27; Num5: 29; Num6: 40
5,9,12,20,21,26,Num1: 5; Num2: 9; Num3: 12; Num4: 20; Num5: 21; Num6: 26
5,18,20,36,42,43,Num1: 5; Num2: 18; Num3: 20; Num4: 36; Num5: 42; Num6: 43
3,10,19,24,32,45,Num1: 3; Num2: 10; Num3: 19; Num4: 24; Num5: 32; Num6: 45
7,8,24,34,36,41,Num1: 7; Num2: 8; Num3: 24; Num4: 34; Num5: 36; Num6: 41
3,4,9,11,22,42,Num1: 3; Num2: 4; Num3: 9; Num4: 11; Num5: 22; Num6: 42
5,9,34,37,38,39,Num1: 5; Num2: 9; Num3: 34; Num4: 37; Num5: 38; Num6: 39
9,16,27,36,41,44,Num1: 9; Num2: 16; Num3: 27; Num4: 36; Num5: 41; Num6: 44
1,27,28,32,37,40,Num1: 1; Num2: 27; Num3: 28; Num4: 32; Num5: 37; Num6: 40
9,12,24,25,29,31,Num1: 9; Num2: 12; Num3: 24; Num4: 25; Num5: 29; Num6: 31
6,11,16,18,31,43,Num1: 6; Num2: 11; Num3: 16; Num4: 18; Num5: 31; Num6: 43
7,12,15,24,37,40,Num1: 7; Num2: 12; Num3: 15; Num4: 24; Num5: 37; Num6: 40
4,5,14,35,42,45,Num1: 4; Num2: 5; Num3: 14; Num4: 35; Num5: 42; Num6: 45
14,27,30,31,38,40,Num1: 14; Num2: 27; Num3: 30; Num4: 31; Num5: 38; Num6: 40
6,13,27,31,32,37,Num1: 6; Num2: 13; Num3: 27; Num4: 31; Num5: 32; Num6: 37
4,11,14,21,23,43,Num1: 4; Num2: 11; Num3: 14; Num4: 21; Num5: 23; Num6: 43
1,5,6,24,27,42,Num1: 1; Num2: 5; Num3: 6; Num4: 24; Num5: 27; Num6: 42
1,5,19,20,24,30,Num1: 1; Num2: 5; Num3: 19; Num4: 20; Num5: 24; Num6: 30
8,19,25,31,34,36,Num1: 8; Num2: 19; Num3: 25; Num4: 31; Num5: 34; Num6: 36
14,23,26,31,39,45,Num1: 14; Num2: 23; Num3: 26; Num4: 31; Num5: 39; Num6: 45
6,7,19,25,28,38,Num1: 6; Num2: 7; Num3: 19; Num4: 25; Num5: 28; Num6: 38
19,23,30,37,43,45,Num1: 19; Num2: 23; Num3: 30; Num4: 37; Num5: 43; Num6: 45
3,8,27,31,41,44,Num1: 3; Num2: 8; Num3: 27; Num4: 31; Num5: 41; Num6: 44
3,8,17,23,38,45,Num1: 3; Num2: 8; Num3: 17; Num4: 23; Num5: 38; Num6: 45
12,15,28,36,39,40,Num1: 12; Num2: 15; Num3: 28; Num4: 36; Num5: 39; Num6: 40
13,18,21,23,26,39,Num1: 13; Num2: 18; Num3: 21; Num4: 23; Num5: 26; Num6: 39
9,11,27,31,32,38,Num1: 9; Num2: 11; Num3: 27; Num4: 31; Num5: 32; Num6: 38
13,16,25,36,37,38,Num1: 13; Num2: 16; Num3: 25; Num4: 36; Num5: 37; Num6: 38
2,12,17,19,28,42,Num1: 2; Num2: 12; Num3: 17; Num4: 19; Num5: 28; Num6: 42
4,19,20,21,32,34,Num1: 4; Num2: 19; Num3: 20; Num4: 21; Num5: 32; Num6: 34
2,16,24,27,28,35,Num1: 2; Num2: 16; Num3: 24; Num4: 27; Num5: 28; Num6: 35
6,10,16,40,41,43,Num1: 6; Num2: 10; Num3: 16; Num4: 40; Num5: 41; Num6: 43
11,15,24,39,41,44,Num1: 11; Num2: 15; Num3: 24; Num4: 39; Num5: 41; Num6: 44
2,4,15,28,31,34,Num1: 2; Num2: 4; Num3: 15; Num4: 28; Num5: 31; Num6: 34
1,11,17,21,24,44,Num1: 1; Num2: 11; Num3: 17; Num4: 21; Num5: 24; Num6: 44
1,4,8,13,37,39,Num1: 1; Num2: 4; Num3: 8; Num4: 13; Num5: 37; Num6: 39
21,22,26,27,31,37,Num1: 21; Num2: 22; Num3: 26; Num4: 27; Num5: 31; Num6: 37
13,21,22,24,26,37,Num1: 13; Num2: 21; Num3: 22; Num4: 24; Num5: 26; Num6: 37
4,6,13,17,28,40,Num1: 4; Num2: 6; Num3: 13; Num4: 17; Num5: 28; Num6: 40
8,9,10,12,24,44,Num1: 8; Num2: 9; Num3: 10; Num4: 12; Num5: 24; Num6: 44
5,10,19,31,44,45,Num1: 5; Num2: 10; Num3: 19; Num4: 31; Num5: 44; Num6: 45
5,11,14,29,32,33,Num1: 5; Num2: 11; Num3: 14; Num4: 29; Num5: 32; Num6: 33
4,5,9,11,23,38,Num1: 4; Num2: 5; Num3: 9; Num4: 11; Num5: 23; Num6: 38
17,25,35,36,39,44,Num1: 17; Num2: 25; Num3: 35; Num4: 36; Num5: 39; Num6: 44
4,5,15,16,22,42,Num1: 4; Num2: 5; Num3: 15; Num4: 16; Num5: 22; Num6: 42
2,6,8,14,21,22,Num1: 2; Num2: 6; Num3: 8; Num4: 14; Num5: 21; Num6: 22
5,11,13,19,31,36,Num1: 5; Num2: 11; Num3: 13; Num4: 19; Num5: 31; Num6: 36
4,19,26,27,30,42,Num1: 4; Num2: 19; Num3: 26; Num4: 27; Num5: 30; Num6: 42
1,3,18,20,26,27,Num1: 1; Num2: 3; Num3: 18; Num4: 20; Num5: 26; Num6: 27
5,7,28,29,39,43,Num1: 5; Num2: 7; Num3: 28; Num4: 29; Num5: 39; Num6: 43
2,20,33,35,37,40,Num1: 2; Num2: 20; Num3: 33; Num4: 35; Num5: 37; Num6: 40
5,11,19,21,34,43,Num1: 5; Num2: 11; Num3: 19; Num4: 21; Num5: 34; Num6: 43
4,11,20,26,35,37,Num1: 4; Num2: 11; Num3: 20; Num4: 26; Num5: 35; Num6: 37
1,8,14,18,29,44,Num1: 1; Num2: 8; Num3: 14; Num4: 18; Num5: 29; Num6: 44
16,20,27,33,35,39,Num1: 16; Num2: 20; Num3: 27; Num4: 33; Num5: 35; Num6: 39
7,16,17,33,36,40,Num1: 7; Num2: 16; Num3: 17; Num4: 33; Num5: 36; Num6: 40
2,3,7,15,43,44,Num1: 2; Num2: 3; Num3: 7; Num4: 15; Num5: 43; Num6: 44
5,7,20,25,28,37,Num1: 5; Num2: 7; Num3: 20; Num4: 25; Num5: 28; Num6: 37
2,3,4,5,20,24,Num1: 2; Num2: 3; Num3: 4; Num4: 5; Num5: 20; Num6: 24
11,12,18,21,31,38,Num1: 11; Num2: 12; Num3: 18; Num4: 21; Num5: 31; Num6: 38
12,13,17,20,33,41,Num1: 12; Num2: 13; Num3: 17; Num4: 20; Num5: 33; Num6: 41
10,19,22,23,25,37,Num1: 10; Num2: 19; Num3: 22; Num4: 23; Num5: 25; Num6: 37
2,7,18,20,24,33,Num1: 2; Num2: 7; Num3: 18; Num4: 20; Num5: 24; Num6: 33
14,25,31,34,40,44,Num1: 14; Num2: 25; Num3: 31; Num4: 34; Num5: 40; Num6: 44
3,11,14,31,32,37,Num1: 3; Num2: 11; Num3: 14; Num4: 31; Num5: 32; Num6: 37
1,2,3,15,20,25,Num1: 1; Num2: 2; Num3: 3; Num4: 15; Num5: 20; Num6: 25
1,3,21,29,35,37,Num1: 1; Num2: 3; Num3: 21; Num4: 29; Num5: 35; Num6: 37
3,12,14,35,40,45,Num1: 3; Num2: 12; Num3: 14; Num4: 35; Num5: 40; Num6: 45
1,3,11,24,30,32,Num1: 1; Num2: 3; Num3: 11; Num4: 24; Num5: 30; Num6: 32
12,14,27,33,39,44,Num1: 12; Num2: 14; Num3: 27; Num4: 33; Num5: 39; Num6: 44
3,11,24,38,39,44,Num1: 3; Num2: 11; Num3: 24; Num4: 38; Num5: 39; Num6: 44
5,6,13,14,17,20,Num1: 5; Num2: 6; Num3: 13; Num4: 14; Num5: 17; Num6: 20
14,21,22,25,30,36,Num1: 14; Num2: 21; Num3: 22; Num4: 25; Num5: 30; Num6: 36
12,19,20,25,41,45,Num1: 12; Num2: 19; Num3: 20; Num4: 25; Num5: 41; Num6: 45
7,12,16,34,42,45,Num1: 7; Num2: 12; Num3: 16; Num4: 34; Num5: 42; Num6: 45
35,36,37,41,44,45,Num1: 35; Num2: 36; Num3: 37; Num4: 41; Num5: 44; Num6: 45
7,10,19,22,35,40,Num1: 7; Num2: 10; Num3: 19; Num4: 22; Num5: 35; Num6: 40
15,20,23,26,39,44,Num1: 15; Num2: 20; Num3: 23; Num4: 26; Num5: 39; Num6: 44
6,14,18,26,36,39,Num1: 6; Num2: 14; Num3: 18; Num4: 26; Num5: 36; Num6: 39
4,8,11,18,37,45,Num1: 4; Num2: 8; Num3: 11; Num4: 18; Num5: 37; Num6: 45
5,6,24,25,32,37,Num1: 5; Num2: 6; Num3: 24; Num4: 25; Num5: 32; Num6: 37
8,14,18,30,31,44,Num1: 8; Num2: 14; Num3: 18; Num4: 30; Num5: 31; Num6: 44
8,14,32,35,37,45,Num1: 8; Num2: 14; Num3: 32; Num4: 35; Num5: 37; Num6: 45
19,24,27,30,31,34,Num1: 19; Num2: 24; Num3: 27; Num4: 30; Num5: 31; Num6: 34
1,2,8,18,29,38,Num1: 1; Num2: 2; Num3: 8; Num4: 18; Num5: 29; Num6: 38
4,10,14,19,21,45,Num1: 4; Num2: 10; Num3: 14; Num4: 19; Num5: 21; Num6: 45
1,2,4,8,19,38,Num1: 1; Num2: 2; Num3: 4; Num4: 8; Num5: 19; Num6: 38
1,2,6,16,20,33,Num1: 1; Num2: 2; Num3: 6; Num4: 16; Num5: 20; Num6: 33
2,18,24,34,40,42,Num1: 2; Num2: 18; Num3: 24; Num4: 34; Num5: 40; Num6: 42
13,15,27,29,34,40,Num1: 13; Num2: 15; Num3: 27; Num4: 29; Num5: 34; Num6: 40
14,21,23,32,40,45,Num1: 14; Num2: 21; Num3: 23; Num4: 32; Num5: 40; Num6: 45
2,15,20,21,29,34,Num1: 2; Num2: 15; Num3: 20; Num4: 21; Num5: 29; Num6: 34
5,9,17,25,39,43,Num1: 5; Num2: 9; Num3: 17; Num4: 25; Num5: 39; Num6: 43
1,5,11,12,18,23,Num1: 1; Num2: 5; Num3: 11; Num4: 12; Num5: 18; Num6: 23
1,10,13,16,37,43,Num1: 1; Num2: 10; Num3: 13; Num4: 16; Num5: 37; Num6: 43
4,17,30,32,33,34,Num1: 4; Num2: 17; Num3: 30; Num4: 32; Num5: 33; Num6: 34
19,26,28,31,33,36,Num1: 19; Num2: 26; Num3: 28; Num4: 31; Num5: 33; Num6: 36
13,14,18,22,35,39,Num1: 13; Num2: 14; Num3: 18; Num4: 22; Num5: 35; Num6: 39
3,9,24,30,33,34,Num1: 3; Num2: 9; Num3: 24; Num4: 30; Num5: 33; Num6: 34
4,19,21,24,26,41,Num1: 4; Num2: 19; Num3: 21; Num4: 24; Num5: 26; Num6: 41
4,16,25,29,34,35,Num1: 4; Num2: 16; Num3: 25; Num4: 29; Num5: 34; Num6: 35
2,11,13,15,31,42,Num1: 2; Num2: 11; Num3: 13; Num4: 15; Num5: 31; Num6: 42
16,27,35,37,43,45,Num1: 16; Num2: 27; Num3: 35; Num4: 37; Num5: 43; Num6: 45
3,10,31,40,42,43,Num1: 3; Num2: 10; Num3: 31; Num4: 40; Num5: 42; Num6: 43
24,27,28,30,36,39,Num1: 24; Num2: 27; Num3: 28; Num4: 30; Num5: 36; Num6: 39
9,12,27,36,39,45,Num1: 9; Num2: 12; Num3: 27; Num4: 36; Num5: 39; Num6: 45
5,13,18,19,22,42,Num1: 5; Num2: 13; Num3: 18; Num4: 19; Num5: 22; Num6: 42
6,9,10,11,39,41,Num1: 6; Num2: 9; Num3: 10; Num4: 11; Num5: 39; Num6: 41
7,11,26,28,29,44,Num1: 7; Num2: 11; Num3: 26; Num4: 28; Num5: 29; Num6: 44
1,5,21,25,38,41,Num1: 1; Num2: 5; Num3: 21; Num4: 25; Num5: 38; Num6: 41
22,34,36,40,42,45,Num1: 22; Num2: 34; Num3: 36; Num4: 40; Num5: 42; Num6: 45
3,7,8,34,39,41,Num1: 3; Num2: 7; Num3: 8; Num4: 34; Num5: 39; Num6: 41
1,18,30,41,42,43,Num1: 1; Num2: 18; Num3: 30; Num4: 41; Num5: 42; Num6: 43
4,9,13,18,21,34,Num1: 4; Num2: 9; Num3: 13; Num4: 18; Num5: 21; Num6: 34
19,26,30,33,35,39,Num1: 19; Num2: 26; Num3: 30; Num4: 33; Num5: 35; Num6: 39
5,18,28,30,42,45,Num1: 5; Num2: 18; Num3: 28; Num4: 30; Num5: 42; Num6: 45
16,19,20,32,33,41,Num1: 16; Num2: 19; Num3: 20; Num4: 32; Num5: 33; Num6: 41
6,19,21,35,40,45,Num1: 6; Num2: 19; Num3: 21; Num4: 35; Num5: 40; Num6: 45
3,8,11,12,13,36,Num1: 3; Num2: 8; Num3: 11; Num4: 12; Num5: 13; Num6: 36
1,5,13,26,29,34,Num1: 1; Num2: 5; Num3: 13; Num4: 26; Num5: 29; Num6: 34
1,2,10,13,18,19,Num1: 1; Num2: 2; Num3: 10; Num4: 13; Num5: 18; Num6: 19
2,18,25,28,37,39,Num1: 2; Num2: 18; Num3: 25; Num4: 28; Num5: 37; Num6: 39
2,11,21,34,41,42,Num1: 2; Num2: 11; Num3: 21; Num4: 34; Num5: 41; Num6: 42
21,25,33,34,35,36,Num1: 21; Num2: 25; Num3: 33; Num4: 34; Num5: 35; Num6: 36
4,6,13,21,40,42,Num1: 4; Num2: 6; Num3: 13; Num4: 21; Num5: 40; Num6: 42
2,19,27,35,41,42,Num1: 2; Num2: 19; Num3: 27; Num4: 35; Num5: 41; Num6: 42
2,3,13,20,27,44,Num1: 2; Num2: 3; Num3: 13; Num4: 20; Num5: 27; Num6: 44
4,15,17,26,36,37,Num1: 4; Num2: 15; Num3: 17; Num4: 26; Num5: 36; Num6: 37
26,27,28,42,43,45,Num1: 26; Num2: 27; Num3: 28; Num4: 42; Num5: 43; Num6: 45
12,16,30,34,40,44,Num1: 12; Num2: 16; Num3: 30; Num4: 34; Num5: 40; Num6: 44
8,12,29,31,42,43,Num1: 8; Num2: 12; Num3: 29; Num4: 31; Num5: 42; Num6: 43
3,13,17,18,19,28,Num1: 3; Num2: 13; Num3: 17; Num4: 18; Num5: 19; Num6: 28
9,11,15,20,28,43,Num1: 9; Num2: 11; Num3: 15; Num4: 20; Num5: 28; Num6: 43
10,11,27,28,37,39,Num1: 10; Num2: 11; Num3: 27; Num4: 28; Num5: 37; Num6: 39
7,9,20,25,36,39,Num1: 7; Num2: 9; Num3: 20; Num4: 25; Num5: 36; Num6: 39
2,16,30,36,41,42,Num1: 2; Num2: 16; Num3: 30; Num4: 36; Num5: 41; Num6: 42
6,14,22,28,35,39,Num1: 6; Num2: 14; Num3: 22; Num4: 28; Num5: 35; Num6: 39
3,12,20,23,31,35,Num1: 3; Num2: 12; Num3: 20; Num4: 23; Num5: 31; Num6: 35
4,7,15,18,23,26,Num1: 4; Num2: 7; Num3: 15; Num4: 18; Num5: 23; Num6: 26
3,17,23,34,41,45,Num1: 3; Num2: 17; Num3: 23; Num4: 34; Num5: 41; Num6: 45
8,10,11,14,15,21,Num1: 8; Num2: 10; Num3: 11; Num4: 14; Num5: 15; Num6: 21
7,19,24,27,42,45,Num1: 7; Num2: 19; Num3: 24; Num4: 27; Num5: 42; Num6: 45
19,23,25,28,38,42,Num1: 19; Num2: 23; Num3: 25; Num4: 28; Num5: 38; Num6: 42
12,30,34,36,37,45,Num1: 12; Num2: 30; Num3: 34; Num4: 36; Num5: 37; Num6: 45
3,5,10,29,32,43,Num1: 3; Num2: 5; Num3: 10; Num4: 29; Num5: 32; Num6: 43
7,20,22,27,40,43,Num1: 7; Num2: 20; Num3: 22; Num4: 27; Num5: 40; Num6: 43
2,8,32,33,35,36,Num1: 2; Num2: 8; Num3: 32; Num4: 33; Num5: 35; Num6: 36
4,16,23,25,29,42,Num1: 4; Num2: 16; Num3: 23; Num4: 25; Num5: 29; Num6: 42
7,17,18,28,30,45,Num1: 7; Num2: 17; Num3: 18; Num4: 28; Num5: 30; Num6: 45
1,11,16,17,36,40,Num1: 1; Num2: 11; Num3: 16; Num4: 17; Num5: 36; Num6: 40
12,28,30,34,38,43,Num1: 12; Num2: 28; Num3: 30; Num4: 34; Num5: 38; Num6: 43
4,6,10,11,32,37,Num1: 4; Num2: 6; Num3: 10; Num4: 11; Num5: 32; Num6: 37
3,11,13,14,17,21,Num1: 3; Num2: 11; Num3: 13; Num4: 14; Num5: 17; Num6: 21
3,4,10,17,19,22,Num1: 3; Num2: 4; Num3: 10; Num4: 17; Num5: 19; Num6: 22
5,10,22,34,36,44,Num1: 5; Num2: 10; Num3: 22; Num4: 34; Num5: 36; Num6: 44
2,4,25,31,34,37,Num1: 2; Num2: 4; Num3: 25; Num4: 31; Num5: 34; Num6: 37
1,2,6,9,25,28,Num1: 1; Num2: 2; Num3: 6; Num4: 9; Num5: 25; Num6: 28
11,14,19,26,28,41,Num1: 11; Num2: 14; Num3: 19; Num4: 26; Num5: 28; Num6: 41
4,9,28,33,36,45,Num1: 4; Num2: 9; Num3: 28; Num4: 33; Num5: 36; Num6: 45
26,29,30,33,41,42,Num1: 26; Num2: 29; Num3: 30; Num4: 33; Num5: 41; Num6: 42
7,18,31,33,36,40,Num1: 7; Num2: 18; Num3: 31; Num4: 33; Num5: 36; Num6: 40
7,20,22,23,29,43,Num1: 7; Num2: 20; Num3: 22; Num4: 23; Num5: 29; Num6: 43
1,5,34,36,42,44,Num1: 1; Num2: 5; Num3: 34; Num4: 36; Num5: 42; Num6: 44
7,18,22,23,29,44,Num1: 7; Num2: 18; Num3: 22; Num4: 23; Num5: 29; Num6: 44
1,4,5,6,9,31,Num1: 1; Num2: 4; Num3: 5; Num4: 6; Num5: 9; Num6: 31
4,10,12,22,24,33,Num1: 4; Num2: 10; Num3: 12; Num4: 22; Num5: 24; Num6: 33
8,10,20,34,41,45,Num1: 8; Num2: 10; Num3: 20; Num4: 34; Num5: 41; Num6: 45
17,32,33,34,42,44,Num1: 17; Num2: 32; Num3: 33; Num4: 34; Num5: 42; Num6: 44
5,14,15,27,30,45,Num1: 5; Num2: 14; Num3: 15; Num4: 27; Num5: 30; Num6: 45
17,22,24,26,35,40,Num1: 17; Num2: 22; Num3: 24; Num4: 26; Num5: 35; Num6: 40
1,3,17,32,35,45,Num1: 1; Num2: 3; Num3: 17; Num4: 32; Num5: 35; Num6: 45
1,7,11,23,37,42,Num1: 1; Num2: 7; Num3: 11; Num4: 23; Num5: 37; Num6: 42
1,3,10,27,29,37,Num1: 1; Num2: 3; Num3: 10; Num4: 27; Num5: 29; Num6: 37
6,9,16,23,24,32,Num1: 6; Num2: 9; Num3: 16; Num4: 23; Num5: 24; Num6: 32
6,7,14,15,20,36,Num1: 6; Num2: 7; Num3: 14; Num4: 15; Num5: 20; Num6: 36
1,3,8,21,22,31,Num1: 1; Num2: 3; Num3: 8; Num4: 21; Num5: 22; Num6: 31
8,17,27,31,34,43,Num1: 8; Num2: 17; Num3: 27; Num4: 31; Num5: 34; Num6: 43
5,32,34,40,41,45,Num1: 5; Num2: 32; Num3: 34; Num4: 40; Num5: 41; Num6: 45
6,22,24,36,38,44,Num1: 6; Num2: 22; Num3: 24; Num4: 36; Num5: 38; Num6: 44
3,14,24,33,35,36,Num1: 3; Num2: 14; Num3: 24; Num4: 33; Num5: 35; Num6: 36
1,21,24,26,29,42,Num1: 1; Num2: 21; Num3: 24; Num4: 26; Num5: 29; Num6: 42
17,20,29,35,38,44,Num1: 17; Num2: 20; Num3: 29; Num4: 35; Num5: 38; Num6: 44
4,26,28,29,33,40,Num1: 4; Num2: 26; Num3: 28; Num4: 29; Num5: 33; Num6: 40
1,17,20,24,30,41,Num1: 1; Num2: 17; Num3: 20; Num4: 24; Num5: 30; Num6: 41
4,12,16,23,34,43,Num1: 4; Num2: 12; Num3: 16; Num4: 23; Num5: 34; Num6: 43
2,12,37,39,41,45,Num1: 2; Num2: 12; Num3: 37; Num4: 39; Num5: 41; Num6: 45
6,8,13,23,31,36,Num1: 6; Num2: 8; Num3: 13; Num4: 23; Num5: 31; Num6: 36
16,23,27,34,42,45,Num1: 16; Num2: 23; Num3: 27; Num4: 34; Num5: 42; Num6: 45
6,10,15,17,19,34,Num1: 6; Num2: 10; Num3: 15; Num4: 17; Num5: 19; Num6: 34
1,2,3,14,27,42,Num1: 1; Num2: 2; Num3: 3; Num4: 14; Num5: 27; Num6: 42
5,7,11,13,20,33,Num1: 5; Num2: 7; Num3: 11; Num4: 13; Num5: 20; Num6: 33
17,18,24,25,26,30,Num1: 17; Num2: 18; Num3: 24; Num4: 25; Num5: 26; Num6: 30
3,12,24,27,30,32,Num1: 3; Num2: 12; Num3: 24; Num4: 27; Num5: 30; Num6: 32
10,13,25,29,33,35,Num1: 10; Num2: 13; Num3: 25; Num4: 29; Num5: 33; Num6: 35
2,18,29,32,43,44,Num1: 2; Num2: 18; Num3: 29; Num4: 32; Num5: 43; Num6: 44
1,3,15,22,25,37,Num1: 1; Num2: 3; Num3: 15; Num4: 22; Num5: 25; Num6: 37
2,5,24,32,34,44,Num1: 2; Num2: 5; Num3: 24; Num4: 32; Num5: 34; Num6: 44
6,15,17,18,35,40,Num1: 6; Num2: 15; Num3: 17; Num4: 18; Num5: 35; Num6: 40
3,12,18,32,40,43,Num1: 3; Num2: 12; Num3: 18; Num4: 32; Num5: 40; Num6: 43
2,4,11,17,26,27,Num1: 2; Num2: 4; Num3: 11; Num4: 17; Num5: 26; Num6: 27
5,9,12,16,29,41,Num1: 5; Num2: 9; Num3: 12; Num4: 16; Num5: 29; Num6: 41
5,19,22,25,28,43,Num1: 5; Num2: 19; Num3: 22; Num4: 25; Num5: 28; Num6: 43
5,8,14,15,19,39,Num1: 5; Num2: 8; Num3: 14; Num4: 15; Num5: 19; Num6: 39
10,12,15,16,26,39,Num1: 10; Num2: 12; Num3: 15; Num4: 16; Num5: 26; Num6: 39
3,7,10,15,36,38,Num1: 3; Num2: 7; Num3: 10; Num4: 15; Num5: 36; Num6: 38
2,3,7,17,22,24,Num1: 2; Num2: 3; Num3: 7; Num4: 17; Num5: 22; Num6: 24
4,25,33,36,40,43,Num1: 4; Num2: 25; Num3: 33; Num4: 36; Num5: 40; Num6: 43
14,15,18,21,26,36,Num1: 14; Num2: 15; Num3: 18; Num4: 21; Num5: 26; Num6: 36
3,20,23,36,38,40,Num1: 3; Num2: 20; Num3: 23; Num4: 36; Num5: 38; Num6: 40
3,8,15,27,29,35,Num1: 3; Num2: 8; Num3: 15; Num4: 27; Num5: 29; Num6: 35
14,15,19,30,38,43,Num1: 14; Num2: 15; Num3: 19; Num4: 30; Num5: 38; Num6: 43
2,8,25,36,39,42,Num1: 2; Num2: 8; Num3: 25; Num4: 36; Num5: 39; Num6: 42
6,29,36,39,41,45,Num1: 6; Num2: 29; Num3: 36; Num4: 39; Num5: 41; Num6: 45
10,24,25,33,40,44,Num1: 10; Num2: 24; Num3: 25; Num4: 33; Num5: 40; Num6: 44
7,10,16,25,29,44,Num1: 7; Num2: 10; Num3: 16; Num4: 25; Num5: 29; Num6: 44
10,14,30,31,33,37,Num1: 10; Num2: 14; Num3: 30; Num4: 31; Num5: 33; Num6: 37
17,21,31,37,40,44,Num1: 17; Num2: 21; Num3: 31; Num4: 37; Num5: 40; Num6: 44
1,8,21,27,36,39,Num1: 1; Num2: 8; Num3: 21; Num4: 27; Num5: 36; Num6: 39
7,8,14,32,33,39,Num1: 7; Num2: 8; Num3: 14; Num4: 32; Num5: 33; Num6: 39
2,4,15,16,20,29,Num1: 2; Num2: 4; Num3: 15; Num4: 16; Num5: 20; Num6: 29
2,3,11,16,26,44,Num1: 2; Num2: 3; Num3: 11; Num4: 16; Num5: 26; Num6: 44
2,10,12,15,22,44,Num1: 2; Num2: 10; Num3: 12; Num4: 15; Num5: 22; Num6: 44
4,7,16,19,33,40,Num1: 4; Num2: 7; Num3: 16; Num4: 19; Num5: 33; Num6: 40
6,10,18,26,37,38,Num1: 6; Num2: 10; Num3: 18; Num4: 26; Num5: 37; Num6: 38
14,17,26,31,36,45,Num1: 14; Num2: 17; Num3: 26; Num4: 31; Num5: 36; Num6: 45
8,13,15,23,31,38,Num1: 8; Num2: 13; Num3: 15; Num4: 23; Num5: 31; Num6: 38
1,10,20,27,33,35,Num1: 1; Num2: 10; Num3: 20; Num4: 27; Num5: 33; Num6: 35
3,11,21,30,38,45,Num1: 3; Num2: 11; Num3: 21; Num4: 30; Num5: 38; Num6: 45
6,31,35,38,39,44,Num1: 6; Num2: 31; Num3: 35; Num4: 38; Num5: 39; Num6: 44
17,18,19,21,23,32,Num1: 17; Num2: 18; Num3: 19; Num4: 21; Num5: 23; Num6: 32
13,20,23,35,38,43,Num1: 13; Num2: 20; Num3: 23; Num4: 35; Num5: 38; Num6: 43
7,13,18,19,25,26,Num1: 7; Num2: 13; Num3: 18; Num4: 19; Num5: 25; Num6: 26
6,7,13,15,21,43,Num1: 6; Num2: 7; Num3: 13; Num4: 15; Num5: 21; Num6: 43
16,17,22,30,37,43,Num1: 16; Num2: 17; Num3: 22; Num4: 30; Num5: 37; Num6: 43
7,27,30,33,35,37,Num1: 7; Num2: 27; Num3: 30; Num4: 33; Num5: 35; Num6: 37
1,10,23,26,28,40,Num1: 1; Num2: 10; Num3: 23; Num4: 26; Num5: 28; Num6: 40
2,3,11,26,37,43,Num1: 2; Num2: 3; Num3: 11; Num4: 26; Num5: 37; Num6: 43
9,26,35,37,40,42,Num1: 9; Num2: 26; Num3: 35; Num4: 37; Num5: 40; Num6: 42
4,7,32,33,40,41,Num1: 4; Num2: 7; Num3: 32; Num4: 33; Num5: 40; Num6: 41
6,14,19,25,34,44,Num1: 6; Num2: 14; Num3: 19; Num4: 25; Num5: 34; Num6: 44
7,9,18,23,28,35,Num1: 7; Num2: 9; Num3: 18; Num4: 23; Num5: 28; Num6: 35
8,17,20,35,36,44,Num1: 8; Num2: 17; Num3: 20; Num4: 35; Num5: 36; Num6: 44
1,5,13,34,39,40,Num1: 1; Num2: 5; Num3: 13; Num4: 34; Num5: 39; Num6: 40
9,18,23,25,35,37,Num1: 9; Num2: 18; Num3: 23; Num4: 25; Num5: 35; Num6: 37
1,20,26,28,37,43,Num1: 1; Num2: 20; Num3: 26; Num4: 28; Num5: 37; Num6: 43
4,5,7,18,20,25,Num1: 4; Num2: 5; Num3: 7; Num4: 18; Num5: 20; Num6: 25
2,4,21,26,43,44,Num1: 2; Num2: 4; Num3: 21; Num4: 26; Num5: 43; Num6: 44
7,8,27,29,36,43,Num1: 7; Num2: 8; Num3: 27; Num4: 29; Num5: 36; Num6: 43
5,13,17,18,33,42,Num1: 5; Num2: 13; Num3: 17; Num4: 18; Num5: 33; Num6: 42
4,5,6,8,17,39,Num1: 4; Num2: 5; Num3: 6; Num4: 8; Num5: 17; Num6: 39
6,12,17,18,31,32,Num1: 6; Num2: 12; Num3: 17; Num4: 18; Num5: 31; Num6: 32
10,14,18,20,23,30,Num1: 10; Num2: 14; Num3: 18; Num4: 20; Num5: 23; Num6: 30
6,30,38,39,40,43,Num1: 6; Num2: 30; Num3: 38; Num4: 39; Num5: 40; Num6: 43
3,12,13,19,32,35,Num1: 3; Num2: 12; Num3: 13; Num4: 19; Num5: 32; Num6: 35
3,4,9,17,32,37,Num1: 3; Num2: 4; Num3: 9; Num4: 17; Num5: 32; Num6: 37
6,7,24,37,38,40,Num1: 6; Num2: 7; Num3: 24; Num4: 37; Num5: 38; Num6: 40
3,4,16,30,31,37,Num1: 3; Num2: 4; Num3: 16; Num4: 30; Num5: 31; Num6: 37
2,6,12,31,33,40,Num1: 2; Num2: 6; Num3: 12; Num4: 31; Num5: 33; Num6: 40
22,23,25,37,38,42,Num1: 22; Num2: 23; Num3: 25; Num4: 37; Num5: 38; Num6: 42
2,11,21,25,39,45,Num1: 2; Num2: 11; Num3: 21; Num4: 25; Num5: 39; Num6: 45
1,7,36,37,41,42,Num1: 1; Num2: 7; Num3: 36; Num4: 37; Num5: 41; Num6: 42
9,25,30,33,41,44,Num1: 9; Num2: 25; Num3: 30; Num4: 33; Num5: 41; Num6: 44
2,4,16,17,36,39,Num1: 2; Num2: 4; Num3: 16; Num4: 17; Num5: 36; Num6: 39
8,19,25,34,37,39,Num1: 8; Num2: 19; Num3: 25; Num4: 34; Num5: 37; Num6: 39
2,9,16,25,26,40,Num1: 2; Num2: 9; Num3: 16; Num4: 25; Num5: 26; Num6: 40
14,15,26,27,40,42,Num1: 14; Num2: 15; Num3: 26; Num4: 27; Num5: 40; Num6: 42
16,24,29,40,41,42,Num1: 16; Num2: 24; Num3: 29; Num4: 40; Num5: 41; Num6: 42
14,27,30,31,40,42,Num1: 14; Num2: 27; Num3: 30; Num4: 31; Num5: 40; Num6: 42
11,16,19,21,27,31,Num1: 11; Num2: 16; Num3: 19; Num4: 21; Num5: 27; Num6: 31
9,13,21,25,32,42,Num1: 9; Num2: 13; Num3: 21; Num4: 25; Num5: 32; Num6: 42
10,23,29,33,37,40,Num1: 10; Num2: 23; Num3: 29; Num4: 33; Num5: 37; Num6: 40
